image_id,label
img_00000.jpg,9
img_00001.jpg,3
img_00002.jpg,3
img_00003.jpg,2
img_00004.jpg,5
img_00005.jpg,7
img_00006.jpg,8
img_00007.jpg,5
img_00008.jpg,8
img_00009.jpg,2
img_00010.jpg,7
img_00011.jpg,0
img_00012.jpg,5
img_00013.jpg,3
img_00014.jpg,2
img_00015.jpg,1
img_00016.jpg,3
img_00017.jpg,9
img_00018.jpg,0
img_00019.jpg,8
img_00020.jpg,6
img_00021.jpg,9
img_00022.jpg,0
img_00023.jpg,8
img_00024.jpg,8
img_00025.jpg,1
img_00026.jpg,7
img_00027.jpg,4
img_00028.jpg,5
img_00029.jpg,6
img_00030.jpg,2
img_00031.jpg,3
img_00032.jpg,6
img_00033.jpg,3
img_00034.jpg,0
img_00035.jpg,2
img_00036.jpg,8
img_00037.jpg,2
img_00038.jpg,2
img_00039.jpg,5
img_00040.jpg,5
img_00041.jpg,6
img_00042.jpg,8
img_00043.jpg,0
img_00044.jpg,6
img_00045.jpg,9
img_00046.jpg,4
img_00047.jpg,8
img_00048.jpg,2
img_00049.jpg,9
img_00050.jpg,4
img_00051.jpg,7
img_00052.jpg,0
img_00053.jpg,5
img_00054.jpg,9
img_00055.jpg,7
img_00056.jpg,9
img_00057.jpg,9
img_00058.jpg,1
img_00059.jpg,2
img_00060.jpg,2
img_00061.jpg,8
img_00062.jpg,4
img_00063.jpg,5
img_00064.jpg,9
img_00065.jpg,4
img_00066.jpg,3
img_00067.jpg,9
img_00068.jpg,9
img_00069.jpg,5
img_00070.jpg,0
img_00071.jpg,5
img_00072.jpg,2
img_00073.jpg,6
img_00074.jpg,2
img_00075.jpg,7
img_00076.jpg,1
img_00077.jpg,5
img_00078.jpg,3
img_00079.jpg,6
img_00080.jpg,1
img_00081.jpg,5
img_00082.jpg,2
img_00083.jpg,9
img_00084.jpg,4
img_00085.jpg,5
img_00086.jpg,7
img_00087.jpg,7
img_00088.jpg,1
img_00089.jpg,8
img_00090.jpg,9
img_00091.jpg,6
img_00092.jpg,7
img_00093.jpg,4
img_00094.jpg,9
img_00095.jpg,3
img_00096.jpg,0
img_00097.jpg,8
img_00098.jpg,8
img_00099.jpg,3
img_00100.jpg,5
img_00101.jpg,1
img_00102.jpg,8
img_00103.jpg,3
img_00104.jpg,8
img_00105.jpg,5
img_00106.jpg,8
img_00107.jpg,0
img_00108.jpg,4
img_00109.jpg,9
img_00110.jpg,3
img_00111.jpg,0
img_00112.jpg,3
img_00113.jpg,2
img_00114.jpg,3
img_00115.jpg,3
img_00116.jpg,5
img_00117.jpg,7
img_00118.jpg,5
img_00119.jpg,2
img_00120.jpg,6
img_00121.jpg,0
img_00122.jpg,0
img_00123.jpg,6
img_00124.jpg,9
img_00125.jpg,5
img_00126.jpg,5
img_00127.jpg,8
img_00128.jpg,9
img_00129.jpg,1
img_00130.jpg,7
img_00131.jpg,3
img_00132.jpg,0
img_00133.jpg,5
img_00134.jpg,2
img_00135.jpg,3
img_00136.jpg,0
img_00137.jpg,3
img_00138.jpg,2
img_00139.jpg,4
img_00140.jpg,8
img_00141.jpg,7
img_00142.jpg,8
img_00143.jpg,0
img_00144.jpg,0
img_00145.jpg,5
img_00146.jpg,7
img_00147.jpg,3
img_00148.jpg,2
img_00149.jpg,2
img_00150.jpg,5
img_00151.jpg,9
img_00152.jpg,9
img_00153.jpg,5
img_00154.jpg,3
img_00155.jpg,3
img_00156.jpg,7
img_00157.jpg,2
img_00158.jpg,6
img_00159.jpg,6
img_00160.jpg,9
img_00161.jpg,7
img_00162.jpg,1
img_00163.jpg,9
img_00164.jpg,7
img_00165.jpg,2
img_00166.jpg,3
img_00167.jpg,7
img_00168.jpg,7
img_00169.jpg,8
img_00170.jpg,2
img_00171.jpg,8
img_00172.jpg,2
img_00173.jpg,8
img_00174.jpg,1
img_00175.jpg,1
img_00176.jpg,0
img_00177.jpg,4
img_00178.jpg,5
img_00179.jpg,0
img_00180.jpg,7
img_00181.jpg,0
img_00182.jpg,8
img_00183.jpg,1
img_00184.jpg,1
img_00185.jpg,4
img_00186.jpg,2
img_00187.jpg,0
img_00188.jpg,7
img_00189.jpg,2
img_00190.jpg,1
img_00191.jpg,4
img_00192.jpg,3
img_00193.jpg,5
img_00194.jpg,0
img_00195.jpg,1
img_00196.jpg,3
img_00197.jpg,3
img_00198.jpg,8
img_00199.jpg,1
img_00200.jpg,2
img_00201.jpg,2
img_00202.jpg,4
img_00203.jpg,6
img_00204.jpg,7
img_00205.jpg,7
img_00206.jpg,2
img_00207.jpg,4
img_00208.jpg,9
img_00209.jpg,6
img_00210.jpg,2
img_00211.jpg,1
img_00212.jpg,0
img_00213.jpg,4
img_00214.jpg,1
img_00215.jpg,1
img_00216.jpg,1
img_00217.jpg,2
img_00218.jpg,3
img_00219.jpg,3
img_00220.jpg,8
img_00221.jpg,4
img_00222.jpg,3
img_00223.jpg,1
img_00224.jpg,6
img_00225.jpg,1
img_00226.jpg,7
img_00227.jpg,6
img_00228.jpg,4
img_00229.jpg,1
img_00230.jpg,2
img_00231.jpg,5
img_00232.jpg,1
img_00233.jpg,4
img_00234.jpg,4
img_00235.jpg,6
img_00236.jpg,1
img_00237.jpg,8
img_00238.jpg,7
img_00239.jpg,5
img_00240.jpg,4
img_00241.jpg,7
img_00242.jpg,7
img_00243.jpg,2
img_00244.jpg,6
img_00245.jpg,8
img_00246.jpg,3
img_00247.jpg,7
img_00248.jpg,4
img_00249.jpg,0
img_00250.jpg,6
img_00251.jpg,8
img_00252.jpg,6
img_00253.jpg,0
img_00254.jpg,9
img_00255.jpg,7
img_00256.jpg,0
img_00257.jpg,8
img_00258.jpg,9
img_00259.jpg,4
img_00260.jpg,9
img_00261.jpg,5
img_00262.jpg,3
img_00263.jpg,6
img_00264.jpg,5
img_00265.jpg,0
img_00266.jpg,1
img_00267.jpg,5
img_00268.jpg,3
img_00269.jpg,3
img_00270.jpg,2
img_00271.jpg,8
img_00272.jpg,2
img_00273.jpg,9
img_00274.jpg,6
img_00275.jpg,8
img_00276.jpg,2
img_00277.jpg,2
img_00278.jpg,2
img_00279.jpg,8
img_00280.jpg,9
img_00281.jpg,3
img_00282.jpg,9
img_00283.jpg,6
img_00284.jpg,2
img_00285.jpg,0
img_00286.jpg,7
img_00287.jpg,9
img_00288.jpg,5
img_00289.jpg,1
img_00290.jpg,5
img_00291.jpg,9
img_00292.jpg,1
img_00293.jpg,7
img_00294.jpg,8
img_00295.jpg,0
img_00296.jpg,8
img_00297.jpg,8
img_00298.jpg,4
img_00299.jpg,2
img_00300.jpg,0
img_00301.jpg,2
img_00302.jpg,8
img_00303.jpg,1
img_00304.jpg,6
img_00305.jpg,6
img_00306.jpg,7
img_00307.jpg,2
img_00308.jpg,8
img_00309.jpg,3
img_00310.jpg,6
img_00311.jpg,8
img_00312.jpg,9
img_00313.jpg,6
img_00314.jpg,8
img_00315.jpg,5
img_00316.jpg,7
img_00317.jpg,1
img_00318.jpg,0
img_00319.jpg,4
img_00320.jpg,3
img_00321.jpg,9
img_00322.jpg,8
img_00323.jpg,9
img_00324.jpg,1
img_00325.jpg,0
img_00326.jpg,3
img_00327.jpg,1
img_00328.jpg,8
img_00329.jpg,6
img_00330.jpg,0
img_00331.jpg,6
img_00332.jpg,2
img_00333.jpg,8
img_00334.jpg,3
img_00335.jpg,5
img_00336.jpg,2
img_00337.jpg,2
img_00338.jpg,4
img_00339.jpg,1
img_00340.jpg,6
img_00341.jpg,0
img_00342.jpg,3
img_00343.jpg,0
img_00344.jpg,3
img_00345.jpg,1
img_00346.jpg,7
img_00347.jpg,9
img_00348.jpg,9
img_00349.jpg,6
img_00350.jpg,1
img_00351.jpg,9
img_00352.jpg,8
img_00353.jpg,3
img_00354.jpg,0
img_00355.jpg,9
img_00356.jpg,9
img_00357.jpg,1
img_00358.jpg,5
img_00359.jpg,0
img_00360.jpg,3
img_00361.jpg,4
img_00362.jpg,4
img_00363.jpg,1
img_00364.jpg,2
img_00365.jpg,1
img_00366.jpg,9
img_00367.jpg,5
img_00368.jpg,1
img_00369.jpg,1
img_00370.jpg,8
img_00371.jpg,6
img_00372.jpg,3
img_00373.jpg,7
img_00374.jpg,5
img_00375.jpg,4
img_00376.jpg,0
img_00377.jpg,4
img_00378.jpg,6
img_00379.jpg,5
img_00380.jpg,8
img_00381.jpg,2
img_00382.jpg,1
img_00383.jpg,1
img_00384.jpg,1
img_00385.jpg,4
img_00386.jpg,8
img_00387.jpg,4
img_00388.jpg,6
img_00389.jpg,9
img_00390.jpg,4
img_00391.jpg,7
img_00392.jpg,5
img_00393.jpg,4
img_00394.jpg,9
img_00395.jpg,6
img_00396.jpg,9
img_00397.jpg,8
img_00398.jpg,2
img_00399.jpg,8
img_00400.jpg,5
img_00401.jpg,3
img_00402.jpg,0
img_00403.jpg,0
img_00404.jpg,0
img_00405.jpg,8
img_00406.jpg,7
img_00407.jpg,4
img_00408.jpg,8
img_00409.jpg,2
img_00410.jpg,3
img_00411.jpg,3
img_00412.jpg,5
img_00413.jpg,0
img_00414.jpg,5
img_00415.jpg,4
img_00416.jpg,9
img_00417.jpg,2
img_00418.jpg,4
img_00419.jpg,6
img_00420.jpg,2
img_00421.jpg,3
img_00422.jpg,4
img_00423.jpg,7
img_00424.jpg,6
img_00425.jpg,7
img_00426.jpg,2
img_00427.jpg,2
img_00428.jpg,9
img_00429.jpg,1
img_00430.jpg,4
img_00431.jpg,4
img_00432.jpg,3
img_00433.jpg,3
img_00434.jpg,7
img_00435.jpg,3
img_00436.jpg,7
img_00437.jpg,0
img_00438.jpg,6
img_00439.jpg,1
img_00440.jpg,1
img_00441.jpg,8
img_00442.jpg,6
img_00443.jpg,2
img_00444.jpg,4
img_00445.jpg,8
img_00446.jpg,9
img_00447.jpg,7
img_00448.jpg,5
img_00449.jpg,4
img_00450.jpg,9
img_00451.jpg,8
img_00452.jpg,0
img_00453.jpg,6
img_00454.jpg,7
img_00455.jpg,5
img_00456.jpg,5
img_00457.jpg,8
img_00458.jpg,8
img_00459.jpg,8
img_00460.jpg,1
img_00461.jpg,6
img_00462.jpg,7
img_00463.jpg,9
img_00464.jpg,7
img_00465.jpg,7
img_00466.jpg,3
img_00467.jpg,6
img_00468.jpg,5
img_00469.jpg,8
img_00470.jpg,5
img_00471.jpg,9
img_00472.jpg,1
img_00473.jpg,4
img_00474.jpg,3
img_00475.jpg,4
img_00476.jpg,6
img_00477.jpg,6
img_00478.jpg,0
img_00479.jpg,5
img_00480.jpg,6
img_00481.jpg,5
img_00482.jpg,5
img_00483.jpg,2
img_00484.jpg,7
img_00485.jpg,7
img_00486.jpg,5
img_00487.jpg,2
img_00488.jpg,0
img_00489.jpg,6
img_00490.jpg,6
img_00491.jpg,1
img_00492.jpg,0
img_00493.jpg,8
img_00494.jpg,9
img_00495.jpg,3
img_00496.jpg,0
img_00497.jpg,2
img_00498.jpg,9
img_00499.jpg,8
img_00500.jpg,5
img_00501.jpg,3
img_00502.jpg,5
img_00503.jpg,3
img_00504.jpg,2
img_00505.jpg,5
img_00506.jpg,1
img_00507.jpg,7
img_00508.jpg,6
img_00509.jpg,8
img_00510.jpg,8
img_00511.jpg,0
img_00512.jpg,3
img_00513.jpg,1
img_00514.jpg,7
img_00515.jpg,8
img_00516.jpg,2
img_00517.jpg,9
img_00518.jpg,4
img_00519.jpg,5
img_00520.jpg,6
img_00521.jpg,7
img_00522.jpg,2
img_00523.jpg,7
img_00524.jpg,2
img_00525.jpg,2
img_00526.jpg,8
img_00527.jpg,9
img_00528.jpg,4
img_00529.jpg,4
img_00530.jpg,2
img_00531.jpg,0
img_00532.jpg,1
img_00533.jpg,0
img_00534.jpg,2
img_00535.jpg,0
img_00536.jpg,0
img_00537.jpg,4
img_00538.jpg,0
img_00539.jpg,7
img_00540.jpg,0
img_00541.jpg,5
img_00542.jpg,9
img_00543.jpg,3
img_00544.jpg,6
img_00545.jpg,9
img_00546.jpg,9
img_00547.jpg,0
img_00548.jpg,3
img_00549.jpg,3
img_00550.jpg,1
img_00551.jpg,5
img_00552.jpg,4
img_00553.jpg,5
img_00554.jpg,7
img_00555.jpg,6
img_00556.jpg,4
img_00557.jpg,0
img_00558.jpg,0
img_00559.jpg,0
img_00560.jpg,7
img_00561.jpg,0
img_00562.jpg,8
img_00563.jpg,7
img_00564.jpg,8
img_00565.jpg,1
img_00566.jpg,3
img_00567.jpg,6
img_00568.jpg,0
img_00569.jpg,3
img_00570.jpg,0
img_00571.jpg,0
img_00572.jpg,5
img_00573.jpg,5
img_00574.jpg,9
img_00575.jpg,4
img_00576.jpg,6
img_00577.jpg,3
img_00578.jpg,5
img_00579.jpg,9
img_00580.jpg,4
img_00581.jpg,8
img_00582.jpg,8
img_00583.jpg,7
img_00584.jpg,4
img_00585.jpg,2
img_00586.jpg,7
img_00587.jpg,4
img_00588.jpg,4
img_00589.jpg,1
img_00590.jpg,0
img_00591.jpg,1
img_00592.jpg,9
img_00593.jpg,7
img_00594.jpg,1
img_00595.jpg,0
img_00596.jpg,3
img_00597.jpg,9
img_00598.jpg,9
img_00599.jpg,0
img_00600.jpg,2
img_00601.jpg,7
img_00602.jpg,8
img_00603.jpg,4
img_00604.jpg,0
img_00605.jpg,7
img_00606.jpg,1
img_00607.jpg,9
img_00608.jpg,0
img_00609.jpg,4
img_00610.jpg,4
img_00611.jpg,7
img_00612.jpg,3
img_00613.jpg,7
img_00614.jpg,8
img_00615.jpg,5
img_00616.jpg,3
img_00617.jpg,6
img_00618.jpg,1
img_00619.jpg,1
img_00620.jpg,5
img_00621.jpg,3
img_00622.jpg,0
img_00623.jpg,8
img_00624.jpg,0
img_00625.jpg,6
img_00626.jpg,2
img_00627.jpg,2
img_00628.jpg,4
img_00629.jpg,7
img_00630.jpg,6
img_00631.jpg,3
img_00632.jpg,0
img_00633.jpg,5
img_00634.jpg,3
img_00635.jpg,7
img_00636.jpg,8
img_00637.jpg,5
img_00638.jpg,4
img_00639.jpg,9
img_00640.jpg,1
img_00641.jpg,6
img_00642.jpg,4
img_00643.jpg,7
img_00644.jpg,6
img_00645.jpg,8
img_00646.jpg,0
img_00647.jpg,1
img_00648.jpg,3
img_00649.jpg,6
img_00650.jpg,6
img_00651.jpg,3
img_00652.jpg,6
img_00653.jpg,9
img_00654.jpg,1
img_00655.jpg,0
img_00656.jpg,6
img_00657.jpg,4
img_00658.jpg,8
img_00659.jpg,6
img_00660.jpg,3
img_00661.jpg,3
img_00662.jpg,9
img_00663.jpg,4
img_00664.jpg,3
img_00665.jpg,7
img_00666.jpg,9
img_00667.jpg,5
img_00668.jpg,7
img_00669.jpg,6
img_00670.jpg,7
img_00671.jpg,2
img_00672.jpg,3
img_00673.jpg,3
img_00674.jpg,1
img_00675.jpg,0
img_00676.jpg,9
img_00677.jpg,5
img_00678.jpg,6
img_00679.jpg,3
img_00680.jpg,5
img_00681.jpg,2
img_00682.jpg,7
img_00683.jpg,1
img_00684.jpg,5
img_00685.jpg,8
img_00686.jpg,0
img_00687.jpg,0
img_00688.jpg,6
img_00689.jpg,8
img_00690.jpg,9
img_00691.jpg,0
img_00692.jpg,6
img_00693.jpg,4
img_00694.jpg,6
img_00695.jpg,5
img_00696.jpg,7
img_00697.jpg,4
img_00698.jpg,3
img_00699.jpg,4
img_00700.jpg,0
img_00701.jpg,7
img_00702.jpg,2
img_00703.jpg,3
img_00704.jpg,3
img_00705.jpg,8
img_00706.jpg,6
img_00707.jpg,8
img_00708.jpg,6
img_00709.jpg,9
img_00710.jpg,9
img_00711.jpg,7
img_00712.jpg,5
img_00713.jpg,5
img_00714.jpg,6
img_00715.jpg,6
img_00716.jpg,9
img_00717.jpg,8
img_00718.jpg,3
img_00719.jpg,6
img_00720.jpg,3
img_00721.jpg,2
img_00722.jpg,9
img_00723.jpg,5
img_00724.jpg,9
img_00725.jpg,1
img_00726.jpg,8
img_00727.jpg,4
img_00728.jpg,5
img_00729.jpg,4
img_00730.jpg,0
img_00731.jpg,1
img_00732.jpg,6
img_00733.jpg,7
img_00734.jpg,1
img_00735.jpg,1
img_00736.jpg,9
img_00737.jpg,0
img_00738.jpg,9
img_00739.jpg,8
img_00740.jpg,7
img_00741.jpg,4
img_00742.jpg,3
img_00743.jpg,6
img_00744.jpg,6
img_00745.jpg,4
img_00746.jpg,5
img_00747.jpg,1
img_00748.jpg,1
img_00749.jpg,1
img_00750.jpg,4
img_00751.jpg,7
img_00752.jpg,1
img_00753.jpg,9
img_00754.jpg,2
img_00755.jpg,7
img_00756.jpg,9
img_00757.jpg,4
img_00758.jpg,3
img_00759.jpg,3
img_00760.jpg,1
img_00761.jpg,9
img_00762.jpg,4
img_00763.jpg,0
img_00764.jpg,9
img_00765.jpg,9
img_00766.jpg,9
img_00767.jpg,6
img_00768.jpg,2
img_00769.jpg,9
img_00770.jpg,5
img_00771.jpg,8
img_00772.jpg,0
img_00773.jpg,2
img_00774.jpg,8
img_00775.jpg,2
img_00776.jpg,2
img_00777.jpg,0
img_00778.jpg,3
img_00779.jpg,0
img_00780.jpg,6
img_00781.jpg,2
img_00782.jpg,6
img_00783.jpg,4
img_00784.jpg,7
img_00785.jpg,8
img_00786.jpg,1
img_00787.jpg,8
img_00788.jpg,5
img_00789.jpg,3
img_00790.jpg,9
img_00791.jpg,7
img_00792.jpg,5
img_00793.jpg,6
img_00794.jpg,2
img_00795.jpg,6
img_00796.jpg,6
img_00797.jpg,7
img_00798.jpg,8
img_00799.jpg,7
img_00800.jpg,5
img_00801.jpg,5
img_00802.jpg,8
img_00803.jpg,9
img_00804.jpg,2
img_00805.jpg,0
img_00806.jpg,6
img_00807.jpg,8
img_00808.jpg,9
img_00809.jpg,9
img_00810.jpg,5
img_00811.jpg,6
img_00812.jpg,3
img_00813.jpg,7
img_00814.jpg,4
img_00815.jpg,6
img_00816.jpg,9
img_00817.jpg,0
img_00818.jpg,8
img_00819.jpg,9
img_00820.jpg,9
img_00821.jpg,6
img_00822.jpg,2
img_00823.jpg,4
img_00824.jpg,9
img_00825.jpg,7
img_00826.jpg,4
img_00827.jpg,6
img_00828.jpg,6
img_00829.jpg,8
img_00830.jpg,3
img_00831.jpg,8
img_00832.jpg,8
img_00833.jpg,1
img_00834.jpg,7
img_00835.jpg,7
img_00836.jpg,2
img_00837.jpg,9
img_00838.jpg,0
img_00839.jpg,3
img_00840.jpg,9
img_00841.jpg,5
img_00842.jpg,9
img_00843.jpg,3
img_00844.jpg,9
img_00845.jpg,0
img_00846.jpg,5
img_00847.jpg,5
img_00848.jpg,9
img_00849.jpg,8
img_00850.jpg,4
img_00851.jpg,0
img_00852.jpg,8
img_00853.jpg,2
img_00854.jpg,5
img_00855.jpg,1
img_00856.jpg,3
img_00857.jpg,8
img_00858.jpg,0
img_00859.jpg,6
img_00860.jpg,1
img_00861.jpg,5
img_00862.jpg,7
img_00863.jpg,4
img_00864.jpg,5
img_00865.jpg,0
img_00866.jpg,7
img_00867.jpg,8
img_00868.jpg,0
img_00869.jpg,9
img_00870.jpg,5
img_00871.jpg,7
img_00872.jpg,8
img_00873.jpg,9
img_00874.jpg,5
img_00875.jpg,4
img_00876.jpg,8
img_00877.jpg,3
img_00878.jpg,8
img_00879.jpg,5
img_00880.jpg,7
img_00881.jpg,5
img_00882.jpg,8
img_00883.jpg,2
img_00884.jpg,2
img_00885.jpg,3
img_00886.jpg,8
img_00887.jpg,9
img_00888.jpg,3
img_00889.jpg,9
img_00890.jpg,4
img_00891.jpg,3
img_00892.jpg,9
img_00893.jpg,6
img_00894.jpg,4
img_00895.jpg,9
img_00896.jpg,1
img_00897.jpg,9
img_00898.jpg,7
img_00899.jpg,0
img_00900.jpg,5
img_00901.jpg,2
img_00902.jpg,7
img_00903.jpg,1
img_00904.jpg,6
img_00905.jpg,8
img_00906.jpg,2
img_00907.jpg,3
img_00908.jpg,5
img_00909.jpg,0
img_00910.jpg,3
img_00911.jpg,6
img_00912.jpg,4
img_00913.jpg,5
img_00914.jpg,3
img_00915.jpg,4
img_00916.jpg,1
img_00917.jpg,4
img_00918.jpg,5
img_00919.jpg,8
img_00920.jpg,4
img_00921.jpg,9
img_00922.jpg,4
img_00923.jpg,9
img_00924.jpg,2
img_00925.jpg,7
img_00926.jpg,6
img_00927.jpg,6
img_00928.jpg,6
img_00929.jpg,8
img_00930.jpg,3
img_00931.jpg,2
img_00932.jpg,9
img_00933.jpg,9
img_00934.jpg,0
img_00935.jpg,6
img_00936.jpg,1
img_00937.jpg,8
img_00938.jpg,7
img_00939.jpg,3
img_00940.jpg,6
img_00941.jpg,3
img_00942.jpg,0
img_00943.jpg,8
img_00944.jpg,8
img_00945.jpg,4
img_00946.jpg,7
img_00947.jpg,6
img_00948.jpg,5
img_00949.jpg,0
img_00950.jpg,2
img_00951.jpg,9
img_00952.jpg,3
img_00953.jpg,1
img_00954.jpg,6
img_00955.jpg,7
img_00956.jpg,6
img_00957.jpg,6
img_00958.jpg,7
img_00959.jpg,6
img_00960.jpg,7
img_00961.jpg,2
img_00962.jpg,2
img_00963.jpg,2
img_00964.jpg,9
img_00965.jpg,7
img_00966.jpg,1
img_00967.jpg,1
img_00968.jpg,6
img_00969.jpg,4
img_00970.jpg,0
img_00971.jpg,5
img_00972.jpg,7
img_00973.jpg,9
img_00974.jpg,4
img_00975.jpg,1
img_00976.jpg,1
img_00977.jpg,8
img_00978.jpg,2
img_00979.jpg,7
img_00980.jpg,8
img_00981.jpg,3
img_00982.jpg,1
img_00983.jpg,5
img_00984.jpg,1
img_00985.jpg,4
img_00986.jpg,0
img_00987.jpg,6
img_00988.jpg,7
img_00989.jpg,5
img_00990.jpg,9
img_00991.jpg,3
img_00992.jpg,0
img_00993.jpg,0
img_00994.jpg,2
img_00995.jpg,5
img_00996.jpg,9
img_00997.jpg,4
img_00998.jpg,1
img_00999.jpg,6
img_01000.jpg,9
img_01001.jpg,1
img_01002.jpg,0
img_01003.jpg,0
img_01004.jpg,4
img_01005.jpg,4
img_01006.jpg,9
img_01007.jpg,9
img_01008.jpg,8
img_01009.jpg,4
img_01010.jpg,6
img_01011.jpg,1
img_01012.jpg,2
img_01013.jpg,5
img_01014.jpg,4
img_01015.jpg,9
img_01016.jpg,3
img_01017.jpg,2
img_01018.jpg,8
img_01019.jpg,8
img_01020.jpg,4
img_01021.jpg,8
img_01022.jpg,3
img_01023.jpg,2
img_01024.jpg,4
img_01025.jpg,2
img_01026.jpg,2
img_01027.jpg,2
img_01028.jpg,4
img_01029.jpg,7
img_01030.jpg,1
img_01031.jpg,3
img_01032.jpg,2
img_01033.jpg,2
img_01034.jpg,9
img_01035.jpg,3
img_01036.jpg,2
img_01037.jpg,4
img_01038.jpg,9
img_01039.jpg,8
img_01040.jpg,4
img_01041.jpg,2
img_01042.jpg,6
img_01043.jpg,0
img_01044.jpg,0
img_01045.jpg,4
img_01046.jpg,7
img_01047.jpg,7
img_01048.jpg,8
img_01049.jpg,8
img_01050.jpg,8
img_01051.jpg,0
img_01052.jpg,3
img_01053.jpg,5
img_01054.jpg,8
img_01055.jpg,9
img_01056.jpg,4
img_01057.jpg,4
img_01058.jpg,3
img_01059.jpg,7
img_01060.jpg,7
img_01061.jpg,5
img_01062.jpg,1
img_01063.jpg,8
img_01064.jpg,6
img_01065.jpg,7
img_01066.jpg,2
img_01067.jpg,5
img_01068.jpg,2
img_01069.jpg,0
img_01070.jpg,3
img_01071.jpg,0
img_01072.jpg,8
img_01073.jpg,0
img_01074.jpg,5
img_01075.jpg,9
img_01076.jpg,4
img_01077.jpg,3
img_01078.jpg,3
img_01079.jpg,3
img_01080.jpg,5
img_01081.jpg,3
img_01082.jpg,1
img_01083.jpg,2
img_01084.jpg,2
img_01085.jpg,2
img_01086.jpg,0
img_01087.jpg,1
img_01088.jpg,1
img_01089.jpg,7
img_01090.jpg,7
img_01091.jpg,6
img_01092.jpg,0
img_01093.jpg,6
img_01094.jpg,3
img_01095.jpg,2
img_01096.jpg,8
img_01097.jpg,0
img_01098.jpg,9
img_01099.jpg,2
img_01100.jpg,6
img_01101.jpg,2
img_01102.jpg,9
img_01103.jpg,6
img_01104.jpg,3
img_01105.jpg,2
img_01106.jpg,7
img_01107.jpg,3
img_01108.jpg,5
img_01109.jpg,3
img_01110.jpg,6
img_01111.jpg,2
img_01112.jpg,3
img_01113.jpg,6
img_01114.jpg,5
img_01115.jpg,6
img_01116.jpg,4
img_01117.jpg,4
img_01118.jpg,4
img_01119.jpg,7
img_01120.jpg,6
img_01121.jpg,9
img_01122.jpg,2
img_01123.jpg,9
img_01124.jpg,8
img_01125.jpg,0
img_01126.jpg,1
img_01127.jpg,6
img_01128.jpg,0
img_01129.jpg,6
img_01130.jpg,5
img_01131.jpg,9
img_01132.jpg,7
img_01133.jpg,1
img_01134.jpg,2
img_01135.jpg,8
img_01136.jpg,0
img_01137.jpg,2
img_01138.jpg,5
img_01139.jpg,8
img_01140.jpg,3
img_01141.jpg,4
img_01142.jpg,5
img_01143.jpg,2
img_01144.jpg,8
img_01145.jpg,7
img_01146.jpg,9
img_01147.jpg,9
img_01148.jpg,0
img_01149.jpg,6
img_01150.jpg,2
img_01151.jpg,3
img_01152.jpg,0
img_01153.jpg,3
img_01154.jpg,1
img_01155.jpg,2
img_01156.jpg,9
img_01157.jpg,3
img_01158.jpg,6
img_01159.jpg,5
img_01160.jpg,5
img_01161.jpg,7
img_01162.jpg,7
img_01163.jpg,5
img_01164.jpg,5
img_01165.jpg,5
img_01166.jpg,9
img_01167.jpg,3
img_01168.jpg,8
img_01169.jpg,7
img_01170.jpg,3
img_01171.jpg,9
img_01172.jpg,1
img_01173.jpg,1
img_01174.jpg,7
img_01175.jpg,3
img_01176.jpg,4
img_01177.jpg,0
img_01178.jpg,7
img_01179.jpg,7
img_01180.jpg,9
img_01181.jpg,2
img_01182.jpg,2
img_01183.jpg,4
img_01184.jpg,5
img_01185.jpg,5
img_01186.jpg,7
img_01187.jpg,3
img_01188.jpg,2
img_01189.jpg,3
img_01190.jpg,3
img_01191.jpg,8
img_01192.jpg,6
img_01193.jpg,7
img_01194.jpg,6
img_01195.jpg,7
img_01196.jpg,8
img_01197.jpg,6
img_01198.jpg,9
img_01199.jpg,0
img_01200.jpg,7
img_01201.jpg,0
img_01202.jpg,7
img_01203.jpg,4
img_01204.jpg,1
img_01205.jpg,3
img_01206.jpg,8
img_01207.jpg,9
img_01208.jpg,0
img_01209.jpg,5
img_01210.jpg,7
img_01211.jpg,4
img_01212.jpg,9
img_01213.jpg,8
img_01214.jpg,4
img_01215.jpg,4
img_01216.jpg,2
img_01217.jpg,9
img_01218.jpg,1
img_01219.jpg,3
img_01220.jpg,0
img_01221.jpg,2
img_01222.jpg,7
img_01223.jpg,8
img_01224.jpg,8
img_01225.jpg,3
img_01226.jpg,7
img_01227.jpg,5
img_01228.jpg,0
img_01229.jpg,4
img_01230.jpg,6
img_01231.jpg,3
img_01232.jpg,2
img_01233.jpg,0
img_01234.jpg,1
img_01235.jpg,5
img_01236.jpg,1
img_01237.jpg,8
img_01238.jpg,3
img_01239.jpg,5
img_01240.jpg,6
img_01241.jpg,1
img_01242.jpg,9
img_01243.jpg,1
img_01244.jpg,3
img_01245.jpg,0
img_01246.jpg,6
img_01247.jpg,3
img_01248.jpg,1
img_01249.jpg,3
img_01250.jpg,9
img_01251.jpg,8
img_01252.jpg,5
img_01253.jpg,7
img_01254.jpg,2
img_01255.jpg,6
img_01256.jpg,1
img_01257.jpg,7
img_01258.jpg,5
img_01259.jpg,2
img_01260.jpg,7
img_01261.jpg,5
img_01262.jpg,5
img_01263.jpg,8
img_01264.jpg,5
img_01265.jpg,6
img_01266.jpg,9
img_01267.jpg,4
img_01268.jpg,5
img_01269.jpg,1
img_01270.jpg,7
img_01271.jpg,2
img_01272.jpg,7
img_01273.jpg,2
img_01274.jpg,4
img_01275.jpg,3
img_01276.jpg,8
img_01277.jpg,2
img_01278.jpg,5
img_01279.jpg,7
img_01280.jpg,1
img_01281.jpg,8
img_01282.jpg,2
img_01283.jpg,9
img_01284.jpg,0
img_01285.jpg,0
img_01286.jpg,8
img_01287.jpg,7
img_01288.jpg,0
img_01289.jpg,8
img_01290.jpg,8
img_01291.jpg,8
img_01292.jpg,6
img_01293.jpg,2
img_01294.jpg,8
img_01295.jpg,2
img_01296.jpg,5
img_01297.jpg,1
img_01298.jpg,5
img_01299.jpg,7
img_01300.jpg,6
img_01301.jpg,3
img_01302.jpg,8
img_01303.jpg,5
img_01304.jpg,5
img_01305.jpg,5
img_01306.jpg,7
img_01307.jpg,1
img_01308.jpg,6
img_01309.jpg,4
img_01310.jpg,2
img_01311.jpg,7
img_01312.jpg,6
img_01313.jpg,5
img_01314.jpg,2
img_01315.jpg,6
img_01316.jpg,8
img_01317.jpg,7
img_01318.jpg,7
img_01319.jpg,3
img_01320.jpg,5
img_01321.jpg,2
img_01322.jpg,1
img_01323.jpg,3
img_01324.jpg,3
img_01325.jpg,9
img_01326.jpg,4
img_01327.jpg,5
img_01328.jpg,5
img_01329.jpg,4
img_01330.jpg,8
img_01331.jpg,0
img_01332.jpg,8
img_01333.jpg,5
img_01334.jpg,2
img_01335.jpg,1
img_01336.jpg,0
img_01337.jpg,3
img_01338.jpg,4
img_01339.jpg,2
img_01340.jpg,6
img_01341.jpg,2
img_01342.jpg,3
img_01343.jpg,9
img_01344.jpg,0
img_01345.jpg,5
img_01346.jpg,2
img_01347.jpg,9
img_01348.jpg,2
img_01349.jpg,0
img_01350.jpg,5
img_01351.jpg,8
img_01352.jpg,9
img_01353.jpg,6
img_01354.jpg,1
img_01355.jpg,0
img_01356.jpg,8
img_01357.jpg,0
img_01358.jpg,1
img_01359.jpg,5
img_01360.jpg,1
img_01361.jpg,6
img_01362.jpg,3
img_01363.jpg,0
img_01364.jpg,5
img_01365.jpg,0
img_01366.jpg,6
img_01367.jpg,8
img_01368.jpg,6
img_01369.jpg,9
img_01370.jpg,4
img_01371.jpg,8
img_01372.jpg,1
img_01373.jpg,9
img_01374.jpg,1
img_01375.jpg,6
img_01376.jpg,1
img_01377.jpg,6
img_01378.jpg,4
img_01379.jpg,3
img_01380.jpg,3
img_01381.jpg,7
img_01382.jpg,7
img_01383.jpg,4
img_01384.jpg,9
img_01385.jpg,6
img_01386.jpg,4
img_01387.jpg,6
img_01388.jpg,0
img_01389.jpg,5
img_01390.jpg,1
img_01391.jpg,1
img_01392.jpg,4
img_01393.jpg,7
img_01394.jpg,5
img_01395.jpg,0
img_01396.jpg,8
img_01397.jpg,1
img_01398.jpg,3
img_01399.jpg,7
img_01400.jpg,5
img_01401.jpg,1
img_01402.jpg,3
img_01403.jpg,4
img_01404.jpg,1
img_01405.jpg,9
img_01406.jpg,5
img_01407.jpg,5
img_01408.jpg,3
img_01409.jpg,8
img_01410.jpg,6
img_01411.jpg,2
img_01412.jpg,4
img_01413.jpg,7
img_01414.jpg,5
img_01415.jpg,0
img_01416.jpg,6
img_01417.jpg,1
img_01418.jpg,4
img_01419.jpg,6
img_01420.jpg,6
img_01421.jpg,5
img_01422.jpg,2
img_01423.jpg,6
img_01424.jpg,8
img_01425.jpg,2
img_01426.jpg,9
img_01427.jpg,1
img_01428.jpg,3
img_01429.jpg,6
img_01430.jpg,8
img_01431.jpg,6
img_01432.jpg,8
img_01433.jpg,1
img_01434.jpg,2
img_01435.jpg,2
img_01436.jpg,4
img_01437.jpg,9
img_01438.jpg,7
img_01439.jpg,4
img_01440.jpg,2
img_01441.jpg,3
img_01442.jpg,1
img_01443.jpg,8
img_01444.jpg,7
img_01445.jpg,5
img_01446.jpg,8
img_01447.jpg,3
img_01448.jpg,8
img_01449.jpg,7
img_01450.jpg,0
img_01451.jpg,0
img_01452.jpg,9
img_01453.jpg,5
img_01454.jpg,2
img_01455.jpg,9
img_01456.jpg,7
img_01457.jpg,7
img_01458.jpg,2
img_01459.jpg,2
img_01460.jpg,0
img_01461.jpg,4
img_01462.jpg,6
img_01463.jpg,6
img_01464.jpg,2
img_01465.jpg,3
img_01466.jpg,3
img_01467.jpg,8
img_01468.jpg,1
img_01469.jpg,5
img_01470.jpg,6
img_01471.jpg,6
img_01472.jpg,1
img_01473.jpg,5
img_01474.jpg,2
img_01475.jpg,4
img_01476.jpg,7
img_01477.jpg,0
img_01478.jpg,9
img_01479.jpg,9
img_01480.jpg,7
img_01481.jpg,5
img_01482.jpg,9
img_01483.jpg,6
img_01484.jpg,0
img_01485.jpg,9
img_01486.jpg,5
img_01487.jpg,1
img_01488.jpg,0
img_01489.jpg,1
img_01490.jpg,1
img_01491.jpg,4
img_01492.jpg,9
img_01493.jpg,2
img_01494.jpg,8
img_01495.jpg,7
img_01496.jpg,2
img_01497.jpg,0
img_01498.jpg,4
img_01499.jpg,3
img_01500.jpg,1
img_01501.jpg,7
img_01502.jpg,7
img_01503.jpg,9
img_01504.jpg,3
img_01505.jpg,6
img_01506.jpg,4
img_01507.jpg,2
img_01508.jpg,0
img_01509.jpg,1
img_01510.jpg,1
img_01511.jpg,5
img_01512.jpg,4
img_01513.jpg,2
img_01514.jpg,6
img_01515.jpg,0
img_01516.jpg,6
img_01517.jpg,8
img_01518.jpg,3
img_01519.jpg,5
img_01520.jpg,0
img_01521.jpg,0
img_01522.jpg,9
img_01523.jpg,5
img_01524.jpg,1
img_01525.jpg,1
img_01526.jpg,6
img_01527.jpg,7
img_01528.jpg,0
img_01529.jpg,8
img_01530.jpg,8
img_01531.jpg,1
img_01532.jpg,6
img_01533.jpg,9
img_01534.jpg,0
img_01535.jpg,3
img_01536.jpg,6
img_01537.jpg,5
img_01538.jpg,4
img_01539.jpg,6
img_01540.jpg,8
img_01541.jpg,2
img_01542.jpg,0
img_01543.jpg,1
img_01544.jpg,0
img_01545.jpg,1
img_01546.jpg,7
img_01547.jpg,7
img_01548.jpg,1
img_01549.jpg,7
img_01550.jpg,1
img_01551.jpg,6
img_01552.jpg,9
img_01553.jpg,3
img_01554.jpg,6
img_01555.jpg,9
img_01556.jpg,6
img_01557.jpg,2
img_01558.jpg,9
img_01559.jpg,4
img_01560.jpg,0
img_01561.jpg,9
img_01562.jpg,5
img_01563.jpg,1
img_01564.jpg,4
img_01565.jpg,0
img_01566.jpg,5
img_01567.jpg,8
img_01568.jpg,2
img_01569.jpg,0
img_01570.jpg,6
img_01571.jpg,6
img_01572.jpg,0
img_01573.jpg,3
img_01574.jpg,9
img_01575.jpg,7
img_01576.jpg,5
img_01577.jpg,5
img_01578.jpg,1
img_01579.jpg,8
img_01580.jpg,8
img_01581.jpg,6
img_01582.jpg,0
img_01583.jpg,9
img_01584.jpg,6
img_01585.jpg,0
img_01586.jpg,8
img_01587.jpg,0
img_01588.jpg,9
img_01589.jpg,6
img_01590.jpg,2
img_01591.jpg,3
img_01592.jpg,1
img_01593.jpg,0
img_01594.jpg,7
img_01595.jpg,3
img_01596.jpg,6
img_01597.jpg,5
img_01598.jpg,7
img_01599.jpg,0
img_01600.jpg,1
img_01601.jpg,6
img_01602.jpg,6
img_01603.jpg,5
img_01604.jpg,4
img_01605.jpg,1
img_01606.jpg,4
img_01607.jpg,2
img_01608.jpg,7
img_01609.jpg,6
img_01610.jpg,6
img_01611.jpg,1
img_01612.jpg,7
img_01613.jpg,2
img_01614.jpg,5
img_01615.jpg,0
img_01616.jpg,1
img_01617.jpg,4
img_01618.jpg,2
img_01619.jpg,2
img_01620.jpg,9
img_01621.jpg,4
img_01622.jpg,3
img_01623.jpg,4
img_01624.jpg,7
img_01625.jpg,2
img_01626.jpg,3
img_01627.jpg,3
img_01628.jpg,3
img_01629.jpg,3
img_01630.jpg,0
img_01631.jpg,0
img_01632.jpg,1
img_01633.jpg,1
img_01634.jpg,2
img_01635.jpg,2
img_01636.jpg,7
img_01637.jpg,9
img_01638.jpg,7
img_01639.jpg,0
img_01640.jpg,9
img_01641.jpg,2
img_01642.jpg,0
img_01643.jpg,7
img_01644.jpg,9
img_01645.jpg,9
img_01646.jpg,4
img_01647.jpg,8
img_01648.jpg,0
img_01649.jpg,3
img_01650.jpg,8
img_01651.jpg,2
img_01652.jpg,2
img_01653.jpg,5
img_01654.jpg,4
img_01655.jpg,6
img_01656.jpg,8
img_01657.jpg,3
img_01658.jpg,0
img_01659.jpg,9
img_01660.jpg,3
img_01661.jpg,6
img_01662.jpg,5
img_01663.jpg,7
img_01664.jpg,4
img_01665.jpg,4
img_01666.jpg,8
img_01667.jpg,6
img_01668.jpg,3
img_01669.jpg,7
img_01670.jpg,6
img_01671.jpg,3
img_01672.jpg,3
img_01673.jpg,1
img_01674.jpg,0
img_01675.jpg,8
img_01676.jpg,2
img_01677.jpg,8
img_01678.jpg,8
img_01679.jpg,7
img_01680.jpg,2
img_01681.jpg,1
img_01682.jpg,5
img_01683.jpg,2
img_01684.jpg,4
img_01685.jpg,6
img_01686.jpg,5
img_01687.jpg,2
img_01688.jpg,2
img_01689.jpg,2
img_01690.jpg,7
img_01691.jpg,3
img_01692.jpg,6
img_01693.jpg,5
img_01694.jpg,3
img_01695.jpg,4
img_01696.jpg,3
img_01697.jpg,4
img_01698.jpg,4
img_01699.jpg,8
img_01700.jpg,3
img_01701.jpg,9
img_01702.jpg,9
img_01703.jpg,8
img_01704.jpg,4
img_01705.jpg,3
img_01706.jpg,8
img_01707.jpg,4
img_01708.jpg,6
img_01709.jpg,0
img_01710.jpg,1
img_01711.jpg,7
img_01712.jpg,7
img_01713.jpg,5
img_01714.jpg,8
img_01715.jpg,1
img_01716.jpg,6
img_01717.jpg,0
img_01718.jpg,1
img_01719.jpg,9
img_01720.jpg,2
img_01721.jpg,1
img_01722.jpg,8
img_01723.jpg,4
img_01724.jpg,1
img_01725.jpg,1
img_01726.jpg,0
img_01727.jpg,1
img_01728.jpg,1
img_01729.jpg,9
img_01730.jpg,4
img_01731.jpg,1
img_01732.jpg,0
img_01733.jpg,2
img_01734.jpg,2
img_01735.jpg,9
img_01736.jpg,9
img_01737.jpg,7
img_01738.jpg,7
img_01739.jpg,9
img_01740.jpg,5
img_01741.jpg,7
img_01742.jpg,2
img_01743.jpg,7
img_01744.jpg,6
img_01745.jpg,3
img_01746.jpg,3
img_01747.jpg,3
img_01748.jpg,1
img_01749.jpg,2
img_01750.jpg,7
img_01751.jpg,6
img_01752.jpg,3
img_01753.jpg,1
img_01754.jpg,8
img_01755.jpg,0
img_01756.jpg,7
img_01757.jpg,4
img_01758.jpg,2
img_01759.jpg,6
img_01760.jpg,6
img_01761.jpg,8
img_01762.jpg,1
img_01763.jpg,5
img_01764.jpg,8
img_01765.jpg,8
img_01766.jpg,4
img_01767.jpg,2
img_01768.jpg,3
img_01769.jpg,9
img_01770.jpg,4
img_01771.jpg,5
img_01772.jpg,2
img_01773.jpg,5
img_01774.jpg,5
img_01775.jpg,8
img_01776.jpg,0
img_01777.jpg,2
img_01778.jpg,9
img_01779.jpg,1
img_01780.jpg,6
img_01781.jpg,7
img_01782.jpg,5
img_01783.jpg,4
img_01784.jpg,0
img_01785.jpg,5
img_01786.jpg,4
img_01787.jpg,6
img_01788.jpg,6
img_01789.jpg,1
img_01790.jpg,8
img_01791.jpg,5
img_01792.jpg,5
img_01793.jpg,0
img_01794.jpg,2
img_01795.jpg,6
img_01796.jpg,9
img_01797.jpg,0
img_01798.jpg,9
img_01799.jpg,4
img_01800.jpg,5
img_01801.jpg,4
img_01802.jpg,7
img_01803.jpg,9
img_01804.jpg,4
img_01805.jpg,7
img_01806.jpg,8
img_01807.jpg,2
img_01808.jpg,1
img_01809.jpg,3
img_01810.jpg,1
img_01811.jpg,9
img_01812.jpg,4
img_01813.jpg,1
img_01814.jpg,1
img_01815.jpg,8
img_01816.jpg,6
img_01817.jpg,3
img_01818.jpg,6
img_01819.jpg,6
img_01820.jpg,3
img_01821.jpg,8
img_01822.jpg,7
img_01823.jpg,4
img_01824.jpg,6
img_01825.jpg,5
img_01826.jpg,9
img_01827.jpg,9
img_01828.jpg,5
img_01829.jpg,0
img_01830.jpg,2
img_01831.jpg,1
img_01832.jpg,1
img_01833.jpg,6
img_01834.jpg,8
img_01835.jpg,1
img_01836.jpg,8
img_01837.jpg,8
img_01838.jpg,8
img_01839.jpg,1
img_01840.jpg,1
img_01841.jpg,7
img_01842.jpg,0
img_01843.jpg,6
img_01844.jpg,3
img_01845.jpg,1
img_01846.jpg,8
img_01847.jpg,9
img_01848.jpg,9
img_01849.jpg,3
img_01850.jpg,5
img_01851.jpg,2
img_01852.jpg,4
img_01853.jpg,7
img_01854.jpg,5
img_01855.jpg,7
img_01856.jpg,8
img_01857.jpg,9
img_01858.jpg,2
img_01859.jpg,4
img_01860.jpg,3
img_01861.jpg,5
img_01862.jpg,0
img_01863.jpg,6
img_01864.jpg,2
img_01865.jpg,9
img_01866.jpg,7
img_01867.jpg,3
img_01868.jpg,2
img_01869.jpg,0
img_01870.jpg,4
img_01871.jpg,1
img_01872.jpg,1
img_01873.jpg,3
img_01874.jpg,8
img_01875.jpg,9
img_01876.jpg,5
img_01877.jpg,4
img_01878.jpg,6
img_01879.jpg,2
img_01880.jpg,2
img_01881.jpg,7
img_01882.jpg,5
img_01883.jpg,9
img_01884.jpg,5
img_01885.jpg,7
img_01886.jpg,3
img_01887.jpg,0
img_01888.jpg,0
img_01889.jpg,1
img_01890.jpg,0
img_01891.jpg,0
img_01892.jpg,3
img_01893.jpg,9
img_01894.jpg,9
img_01895.jpg,9
img_01896.jpg,5
img_01897.jpg,6
img_01898.jpg,0
img_01899.jpg,3
img_01900.jpg,6
img_01901.jpg,7
img_01902.jpg,1
img_01903.jpg,4
img_01904.jpg,6
img_01905.jpg,0
img_01906.jpg,8
img_01907.jpg,2
img_01908.jpg,3
img_01909.jpg,0
img_01910.jpg,4
img_01911.jpg,7
img_01912.jpg,2
img_01913.jpg,3
img_01914.jpg,8
img_01915.jpg,0
img_01916.jpg,7
img_01917.jpg,9
img_01918.jpg,2
img_01919.jpg,3
img_01920.jpg,9
img_01921.jpg,0
img_01922.jpg,1
img_01923.jpg,6
img_01924.jpg,6
img_01925.jpg,2
img_01926.jpg,1
img_01927.jpg,7
img_01928.jpg,9
img_01929.jpg,0
img_01930.jpg,7
img_01931.jpg,7
img_01932.jpg,0
img_01933.jpg,9
img_01934.jpg,5
img_01935.jpg,0
img_01936.jpg,0
img_01937.jpg,2
img_01938.jpg,6
img_01939.jpg,9
img_01940.jpg,4
img_01941.jpg,1
img_01942.jpg,8
img_01943.jpg,2
img_01944.jpg,4
img_01945.jpg,2
img_01946.jpg,9
img_01947.jpg,4
img_01948.jpg,8
img_01949.jpg,0
img_01950.jpg,0
img_01951.jpg,1
img_01952.jpg,7
img_01953.jpg,5
img_01954.jpg,4
img_01955.jpg,1
img_01956.jpg,3
img_01957.jpg,0
img_01958.jpg,5
img_01959.jpg,1
img_01960.jpg,5
img_01961.jpg,6
img_01962.jpg,7
img_01963.jpg,1
img_01964.jpg,4
img_01965.jpg,6
img_01966.jpg,6
img_01967.jpg,5
img_01968.jpg,1
img_01969.jpg,9
img_01970.jpg,5
img_01971.jpg,9
img_01972.jpg,9
img_01973.jpg,6
img_01974.jpg,8
img_01975.jpg,4
img_01976.jpg,5
img_01977.jpg,6
img_01978.jpg,4
img_01979.jpg,2
img_01980.jpg,9
img_01981.jpg,2
img_01982.jpg,1
img_01983.jpg,9
img_01984.jpg,6
img_01985.jpg,2
img_01986.jpg,3
img_01987.jpg,9
img_01988.jpg,9
img_01989.jpg,5
img_01990.jpg,1
img_01991.jpg,1
img_01992.jpg,0
img_01993.jpg,7
img_01994.jpg,6
img_01995.jpg,5
img_01996.jpg,1
img_01997.jpg,4
img_01998.jpg,3
img_01999.jpg,4
img_02000.jpg,0
img_02001.jpg,8
img_02002.jpg,5
img_02003.jpg,4
img_02004.jpg,3
img_02005.jpg,2
img_02006.jpg,4
img_02007.jpg,0
img_02008.jpg,4
img_02009.jpg,4
img_02010.jpg,7
img_02011.jpg,3
img_02012.jpg,6
img_02013.jpg,1
img_02014.jpg,1
img_02015.jpg,3
img_02016.jpg,1
img_02017.jpg,1
img_02018.jpg,6
img_02019.jpg,5
img_02020.jpg,2
img_02021.jpg,0
img_02022.jpg,6
img_02023.jpg,9
img_02024.jpg,8
img_02025.jpg,5
img_02026.jpg,6
img_02027.jpg,8
img_02028.jpg,0
img_02029.jpg,5
img_02030.jpg,0
img_02031.jpg,5
img_02032.jpg,3
img_02033.jpg,8
img_02034.jpg,9
img_02035.jpg,2
img_02036.jpg,5
img_02037.jpg,9
img_02038.jpg,8
img_02039.jpg,2
img_02040.jpg,3
img_02041.jpg,6
img_02042.jpg,0
img_02043.jpg,9
img_02044.jpg,6
img_02045.jpg,6
img_02046.jpg,5
img_02047.jpg,5
img_02048.jpg,6
img_02049.jpg,3
img_02050.jpg,5
img_02051.jpg,3
img_02052.jpg,0
img_02053.jpg,7
img_02054.jpg,0
img_02055.jpg,1
img_02056.jpg,7
img_02057.jpg,3
img_02058.jpg,1
img_02059.jpg,2
img_02060.jpg,0
img_02061.jpg,6
img_02062.jpg,6
img_02063.jpg,9
img_02064.jpg,0
img_02065.jpg,1
img_02066.jpg,8
img_02067.jpg,7
img_02068.jpg,8
img_02069.jpg,6
img_02070.jpg,9
img_02071.jpg,6
img_02072.jpg,4
img_02073.jpg,4
img_02074.jpg,0
img_02075.jpg,5
img_02076.jpg,0
img_02077.jpg,9
img_02078.jpg,7
img_02079.jpg,4
img_02080.jpg,6
img_02081.jpg,7
img_02082.jpg,8
img_02083.jpg,9
img_02084.jpg,9
img_02085.jpg,7
img_02086.jpg,2
img_02087.jpg,2
img_02088.jpg,2
img_02089.jpg,4
img_02090.jpg,2
img_02091.jpg,7
img_02092.jpg,6
img_02093.jpg,3
img_02094.jpg,1
img_02095.jpg,9
img_02096.jpg,7
img_02097.jpg,1
img_02098.jpg,5
img_02099.jpg,7
img_02100.jpg,0
img_02101.jpg,8
img_02102.jpg,4
img_02103.jpg,8
img_02104.jpg,2
img_02105.jpg,0
img_02106.jpg,7
img_02107.jpg,4
img_02108.jpg,3
img_02109.jpg,2
img_02110.jpg,8
img_02111.jpg,0
img_02112.jpg,1
img_02113.jpg,1
img_02114.jpg,5
img_02115.jpg,0
img_02116.jpg,9
img_02117.jpg,1
img_02118.jpg,3
img_02119.jpg,7
img_02120.jpg,3
img_02121.jpg,0
img_02122.jpg,6
img_02123.jpg,5
img_02124.jpg,7
img_02125.jpg,0
img_02126.jpg,8
img_02127.jpg,4
img_02128.jpg,8
img_02129.jpg,0
img_02130.jpg,4
img_02131.jpg,1
img_02132.jpg,2
img_02133.jpg,3
img_02134.jpg,4
img_02135.jpg,7
img_02136.jpg,2
img_02137.jpg,5
img_02138.jpg,9
img_02139.jpg,7
img_02140.jpg,0
img_02141.jpg,3
img_02142.jpg,9
img_02143.jpg,0
img_02144.jpg,7
img_02145.jpg,3
img_02146.jpg,8
img_02147.jpg,0
img_02148.jpg,6
img_02149.jpg,8
img_02150.jpg,9
img_02151.jpg,3
img_02152.jpg,9
img_02153.jpg,0
img_02154.jpg,3
img_02155.jpg,1
img_02156.jpg,2
img_02157.jpg,4
img_02158.jpg,0
img_02159.jpg,3
img_02160.jpg,5
img_02161.jpg,4
img_02162.jpg,9
img_02163.jpg,9
img_02164.jpg,5
img_02165.jpg,4
img_02166.jpg,4
img_02167.jpg,9
img_02168.jpg,0
img_02169.jpg,8
img_02170.jpg,9
img_02171.jpg,6
img_02172.jpg,4
img_02173.jpg,4
img_02174.jpg,0
img_02175.jpg,9
img_02176.jpg,8
img_02177.jpg,8
img_02178.jpg,0
img_02179.jpg,2
img_02180.jpg,5
img_02181.jpg,7
img_02182.jpg,9
img_02183.jpg,3
img_02184.jpg,6
img_02185.jpg,2
img_02186.jpg,8
img_02187.jpg,0
img_02188.jpg,4
img_02189.jpg,9
img_02190.jpg,1
img_02191.jpg,4
img_02192.jpg,7
img_02193.jpg,7
img_02194.jpg,0
img_02195.jpg,7
img_02196.jpg,6
img_02197.jpg,7
img_02198.jpg,1
img_02199.jpg,0
img_02200.jpg,6
img_02201.jpg,2
img_02202.jpg,0
img_02203.jpg,8
img_02204.jpg,7
img_02205.jpg,0
img_02206.jpg,7
img_02207.jpg,7
img_02208.jpg,5
img_02209.jpg,3
img_02210.jpg,8
img_02211.jpg,6
img_02212.jpg,7
img_02213.jpg,0
img_02214.jpg,6
img_02215.jpg,3
img_02216.jpg,9
img_02217.jpg,7
img_02218.jpg,7
img_02219.jpg,9
img_02220.jpg,9
img_02221.jpg,1
img_02222.jpg,9
img_02223.jpg,2
img_02224.jpg,5
img_02225.jpg,3
img_02226.jpg,6
img_02227.jpg,3
img_02228.jpg,0
img_02229.jpg,2
img_02230.jpg,1
img_02231.jpg,9
img_02232.jpg,3
img_02233.jpg,8
img_02234.jpg,5
img_02235.jpg,7
img_02236.jpg,4
img_02237.jpg,4
img_02238.jpg,7
img_02239.jpg,8
img_02240.jpg,2
img_02241.jpg,3
img_02242.jpg,9
img_02243.jpg,0
img_02244.jpg,0
img_02245.jpg,1
img_02246.jpg,5
img_02247.jpg,6
img_02248.jpg,3
img_02249.jpg,0
img_02250.jpg,8
img_02251.jpg,1
img_02252.jpg,9
img_02253.jpg,2
img_02254.jpg,1
img_02255.jpg,4
img_02256.jpg,8
img_02257.jpg,8
img_02258.jpg,0
img_02259.jpg,6
img_02260.jpg,3
img_02261.jpg,2
img_02262.jpg,6
img_02263.jpg,5
img_02264.jpg,0
img_02265.jpg,8
img_02266.jpg,6
img_02267.jpg,7
img_02268.jpg,3
img_02269.jpg,1
img_02270.jpg,6
img_02271.jpg,3
img_02272.jpg,3
img_02273.jpg,9
img_02274.jpg,4
img_02275.jpg,5
img_02276.jpg,9
img_02277.jpg,8
img_02278.jpg,4
img_02279.jpg,5
img_02280.jpg,7
img_02281.jpg,7
img_02282.jpg,5
img_02283.jpg,5
img_02284.jpg,2
img_02285.jpg,6
img_02286.jpg,1
img_02287.jpg,3
img_02288.jpg,9
img_02289.jpg,0
img_02290.jpg,2
img_02291.jpg,0
img_02292.jpg,2
img_02293.jpg,7
img_02294.jpg,6
img_02295.jpg,7
img_02296.jpg,4
img_02297.jpg,4
img_02298.jpg,0
img_02299.jpg,3
img_02300.jpg,2
img_02301.jpg,0
img_02302.jpg,8
img_02303.jpg,0
img_02304.jpg,8
img_02305.jpg,9
img_02306.jpg,1
img_02307.jpg,9
img_02308.jpg,0
img_02309.jpg,1
img_02310.jpg,5
img_02311.jpg,7
img_02312.jpg,9
img_02313.jpg,8
img_02314.jpg,5
img_02315.jpg,2
img_02316.jpg,7
img_02317.jpg,0
img_02318.jpg,7
img_02319.jpg,5
img_02320.jpg,9
img_02321.jpg,2
img_02322.jpg,1
img_02323.jpg,3
img_02324.jpg,7
img_02325.jpg,4
img_02326.jpg,9
img_02327.jpg,1
img_02328.jpg,4
img_02329.jpg,8
img_02330.jpg,7
img_02331.jpg,5
img_02332.jpg,5
img_02333.jpg,8
img_02334.jpg,4
img_02335.jpg,8
img_02336.jpg,7
img_02337.jpg,2
img_02338.jpg,6
img_02339.jpg,5
img_02340.jpg,1
img_02341.jpg,9
img_02342.jpg,3
img_02343.jpg,1
img_02344.jpg,1
img_02345.jpg,4
img_02346.jpg,5
img_02347.jpg,8
img_02348.jpg,9
img_02349.jpg,4
img_02350.jpg,4
img_02351.jpg,8
img_02352.jpg,6
img_02353.jpg,1
img_02354.jpg,5
img_02355.jpg,4
img_02356.jpg,9
img_02357.jpg,8
img_02358.jpg,3
img_02359.jpg,5
img_02360.jpg,9
img_02361.jpg,6
img_02362.jpg,0
img_02363.jpg,7
img_02364.jpg,1
img_02365.jpg,8
img_02366.jpg,5
img_02367.jpg,3
img_02368.jpg,3
img_02369.jpg,1
img_02370.jpg,0
img_02371.jpg,2
img_02372.jpg,6
img_02373.jpg,7
img_02374.jpg,4
img_02375.jpg,4
img_02376.jpg,3
img_02377.jpg,0
img_02378.jpg,4
img_02379.jpg,2
img_02380.jpg,1
img_02381.jpg,9
img_02382.jpg,1
img_02383.jpg,4
img_02384.jpg,9
img_02385.jpg,2
img_02386.jpg,3
img_02387.jpg,6
img_02388.jpg,6
img_02389.jpg,5
img_02390.jpg,4
img_02391.jpg,4
img_02392.jpg,3
img_02393.jpg,1
img_02394.jpg,1
img_02395.jpg,5
img_02396.jpg,5
img_02397.jpg,2
img_02398.jpg,7
img_02399.jpg,2
img_02400.jpg,6
img_02401.jpg,7
img_02402.jpg,3
img_02403.jpg,4
img_02404.jpg,5
img_02405.jpg,0
img_02406.jpg,5
img_02407.jpg,2
img_02408.jpg,6
img_02409.jpg,8
img_02410.jpg,3
img_02411.jpg,3
img_02412.jpg,0
img_02413.jpg,3
img_02414.jpg,1
img_02415.jpg,3
img_02416.jpg,3
img_02417.jpg,2
img_02418.jpg,6
img_02419.jpg,1
img_02420.jpg,0
img_02421.jpg,7
img_02422.jpg,7
img_02423.jpg,2
img_02424.jpg,6
img_02425.jpg,6
img_02426.jpg,6
img_02427.jpg,5
img_02428.jpg,7
img_02429.jpg,5
img_02430.jpg,7
img_02431.jpg,9
img_02432.jpg,2
img_02433.jpg,3
img_02434.jpg,4
img_02435.jpg,2
img_02436.jpg,7
img_02437.jpg,0
img_02438.jpg,7
img_02439.jpg,7
img_02440.jpg,4
img_02441.jpg,2
img_02442.jpg,3
img_02443.jpg,8
img_02444.jpg,3
img_02445.jpg,8
img_02446.jpg,3
img_02447.jpg,7
img_02448.jpg,7
img_02449.jpg,6
img_02450.jpg,6
img_02451.jpg,4
img_02452.jpg,5
img_02453.jpg,3
img_02454.jpg,2
img_02455.jpg,6
img_02456.jpg,3
img_02457.jpg,2
img_02458.jpg,3
img_02459.jpg,7
img_02460.jpg,9
img_02461.jpg,2
img_02462.jpg,2
img_02463.jpg,1
img_02464.jpg,4
img_02465.jpg,1
img_02466.jpg,0
img_02467.jpg,4
img_02468.jpg,9
img_02469.jpg,2
img_02470.jpg,0
img_02471.jpg,1
img_02472.jpg,9
img_02473.jpg,0
img_02474.jpg,5
img_02475.jpg,9
img_02476.jpg,8
img_02477.jpg,4
img_02478.jpg,4
img_02479.jpg,4
img_02480.jpg,2
img_02481.jpg,1
img_02482.jpg,3
img_02483.jpg,6
img_02484.jpg,9
img_02485.jpg,6
img_02486.jpg,6
img_02487.jpg,6
img_02488.jpg,8
img_02489.jpg,4
img_02490.jpg,7
img_02491.jpg,0
img_02492.jpg,2
img_02493.jpg,4
img_02494.jpg,1
img_02495.jpg,8
img_02496.jpg,7
img_02497.jpg,5
img_02498.jpg,5
img_02499.jpg,9
img_02500.jpg,9
img_02501.jpg,6
img_02502.jpg,6
img_02503.jpg,6
img_02504.jpg,3
img_02505.jpg,5
img_02506.jpg,8
img_02507.jpg,3
img_02508.jpg,1
img_02509.jpg,9
img_02510.jpg,0
img_02511.jpg,9
img_02512.jpg,1
img_02513.jpg,5
img_02514.jpg,1
img_02515.jpg,9
img_02516.jpg,1
img_02517.jpg,4
img_02518.jpg,8
img_02519.jpg,5
img_02520.jpg,0
img_02521.jpg,5
img_02522.jpg,5
img_02523.jpg,0
img_02524.jpg,9
img_02525.jpg,0
img_02526.jpg,4
img_02527.jpg,0
img_02528.jpg,8
img_02529.jpg,4
img_02530.jpg,1
img_02531.jpg,6
img_02532.jpg,6
img_02533.jpg,9
img_02534.jpg,1
img_02535.jpg,0
img_02536.jpg,4
img_02537.jpg,7
img_02538.jpg,0
img_02539.jpg,8
img_02540.jpg,9
img_02541.jpg,5
img_02542.jpg,8
img_02543.jpg,8
img_02544.jpg,2
img_02545.jpg,3
img_02546.jpg,9
img_02547.jpg,5
img_02548.jpg,5
img_02549.jpg,5
img_02550.jpg,3
img_02551.jpg,1
img_02552.jpg,2
img_02553.jpg,2
img_02554.jpg,8
img_02555.jpg,3
img_02556.jpg,0
img_02557.jpg,5
img_02558.jpg,4
img_02559.jpg,2
img_02560.jpg,1
img_02561.jpg,6
img_02562.jpg,4
img_02563.jpg,8
img_02564.jpg,7
img_02565.jpg,0
img_02566.jpg,2
img_02567.jpg,8
img_02568.jpg,5
img_02569.jpg,5
img_02570.jpg,8
img_02571.jpg,2
img_02572.jpg,7
img_02573.jpg,8
img_02574.jpg,9
img_02575.jpg,2
img_02576.jpg,6
img_02577.jpg,0
img_02578.jpg,1
img_02579.jpg,4
img_02580.jpg,7
img_02581.jpg,3
img_02582.jpg,8
img_02583.jpg,5
img_02584.jpg,1
img_02585.jpg,6
img_02586.jpg,3
img_02587.jpg,8
img_02588.jpg,4
img_02589.jpg,6
img_02590.jpg,6
img_02591.jpg,0
img_02592.jpg,3
img_02593.jpg,2
img_02594.jpg,1
img_02595.jpg,0
img_02596.jpg,6
img_02597.jpg,3
img_02598.jpg,3
img_02599.jpg,2
img_02600.jpg,6
img_02601.jpg,7
img_02602.jpg,5
img_02603.jpg,9
img_02604.jpg,8
img_02605.jpg,9
img_02606.jpg,1
img_02607.jpg,2
img_02608.jpg,6
img_02609.jpg,4
img_02610.jpg,1
img_02611.jpg,9
img_02612.jpg,6
img_02613.jpg,6
img_02614.jpg,8
img_02615.jpg,5
img_02616.jpg,9
img_02617.jpg,4
img_02618.jpg,9
img_02619.jpg,7
img_02620.jpg,2
img_02621.jpg,2
img_02622.jpg,3
img_02623.jpg,8
img_02624.jpg,8
img_02625.jpg,5
img_02626.jpg,1
img_02627.jpg,9
img_02628.jpg,9
img_02629.jpg,5
img_02630.jpg,5
img_02631.jpg,7
img_02632.jpg,8
img_02633.jpg,5
img_02634.jpg,1
img_02635.jpg,5
img_02636.jpg,5
img_02637.jpg,9
img_02638.jpg,4
img_02639.jpg,3
img_02640.jpg,9
img_02641.jpg,1
img_02642.jpg,4
img_02643.jpg,0
img_02644.jpg,8
img_02645.jpg,1
img_02646.jpg,2
img_02647.jpg,7
img_02648.jpg,4
img_02649.jpg,8
img_02650.jpg,4
img_02651.jpg,8
img_02652.jpg,5
img_02653.jpg,7
img_02654.jpg,4
img_02655.jpg,5
img_02656.jpg,6
img_02657.jpg,8
img_02658.jpg,0
img_02659.jpg,9
img_02660.jpg,1
img_02661.jpg,1
img_02662.jpg,1
img_02663.jpg,5
img_02664.jpg,7
img_02665.jpg,6
img_02666.jpg,0
img_02667.jpg,3
img_02668.jpg,9
img_02669.jpg,3
img_02670.jpg,0
img_02671.jpg,4
img_02672.jpg,8
img_02673.jpg,5
img_02674.jpg,6
img_02675.jpg,2
img_02676.jpg,1
img_02677.jpg,3
img_02678.jpg,2
img_02679.jpg,4
img_02680.jpg,7
img_02681.jpg,2
img_02682.jpg,4
img_02683.jpg,3
img_02684.jpg,7
img_02685.jpg,6
img_02686.jpg,9
img_02687.jpg,5
img_02688.jpg,2
img_02689.jpg,3
img_02690.jpg,4
img_02691.jpg,5
img_02692.jpg,7
img_02693.jpg,5
img_02694.jpg,4
img_02695.jpg,5
img_02696.jpg,0
img_02697.jpg,9
img_02698.jpg,0
img_02699.jpg,2
img_02700.jpg,6
img_02701.jpg,7
img_02702.jpg,6
img_02703.jpg,7
img_02704.jpg,9
img_02705.jpg,7
img_02706.jpg,1
img_02707.jpg,1
img_02708.jpg,5
img_02709.jpg,1
img_02710.jpg,4
img_02711.jpg,8
img_02712.jpg,0
img_02713.jpg,2
img_02714.jpg,4
img_02715.jpg,2
img_02716.jpg,7
img_02717.jpg,4
img_02718.jpg,0
img_02719.jpg,2
img_02720.jpg,7
img_02721.jpg,5
img_02722.jpg,8
img_02723.jpg,8
img_02724.jpg,2
img_02725.jpg,8
img_02726.jpg,2
img_02727.jpg,2
img_02728.jpg,0
img_02729.jpg,8
img_02730.jpg,8
img_02731.jpg,7
img_02732.jpg,4
img_02733.jpg,8
img_02734.jpg,7
img_02735.jpg,2
img_02736.jpg,0
img_02737.jpg,3
img_02738.jpg,5
img_02739.jpg,6
img_02740.jpg,4
img_02741.jpg,0
img_02742.jpg,9
img_02743.jpg,3
img_02744.jpg,9
img_02745.jpg,0
img_02746.jpg,1
img_02747.jpg,5
img_02748.jpg,1
img_02749.jpg,4
img_02750.jpg,9
img_02751.jpg,1
img_02752.jpg,9
img_02753.jpg,0
img_02754.jpg,8
img_02755.jpg,6
img_02756.jpg,9
img_02757.jpg,3
img_02758.jpg,5
img_02759.jpg,8
img_02760.jpg,3
img_02761.jpg,8
img_02762.jpg,3
img_02763.jpg,8
img_02764.jpg,8
img_02765.jpg,8
img_02766.jpg,9
img_02767.jpg,3
img_02768.jpg,1
img_02769.jpg,4
img_02770.jpg,4
img_02771.jpg,2
img_02772.jpg,4
img_02773.jpg,3
img_02774.jpg,6
img_02775.jpg,4
img_02776.jpg,8
img_02777.jpg,0
img_02778.jpg,3
img_02779.jpg,4
img_02780.jpg,2
img_02781.jpg,4
img_02782.jpg,2
img_02783.jpg,2
img_02784.jpg,6
img_02785.jpg,9
img_02786.jpg,5
img_02787.jpg,4
img_02788.jpg,9
img_02789.jpg,3
img_02790.jpg,0
img_02791.jpg,4
img_02792.jpg,6
img_02793.jpg,6
img_02794.jpg,5
img_02795.jpg,3
img_02796.jpg,7
img_02797.jpg,4
img_02798.jpg,0
img_02799.jpg,2
img_02800.jpg,7
img_02801.jpg,5
img_02802.jpg,9
img_02803.jpg,9
img_02804.jpg,5
img_02805.jpg,8
img_02806.jpg,9
img_02807.jpg,6
img_02808.jpg,6
img_02809.jpg,3
img_02810.jpg,7
img_02811.jpg,2
img_02812.jpg,4
img_02813.jpg,6
img_02814.jpg,1
img_02815.jpg,2
img_02816.jpg,4
img_02817.jpg,3
img_02818.jpg,6
img_02819.jpg,3
img_02820.jpg,5
img_02821.jpg,9
img_02822.jpg,9
img_02823.jpg,6
img_02824.jpg,0
img_02825.jpg,0
img_02826.jpg,6
img_02827.jpg,0
img_02828.jpg,7
img_02829.jpg,4
img_02830.jpg,5
img_02831.jpg,2
img_02832.jpg,1
img_02833.jpg,4
img_02834.jpg,7
img_02835.jpg,7
img_02836.jpg,7
img_02837.jpg,5
img_02838.jpg,5
img_02839.jpg,7
img_02840.jpg,9
img_02841.jpg,3
img_02842.jpg,2
img_02843.jpg,9
img_02844.jpg,5
img_02845.jpg,3
img_02846.jpg,3
img_02847.jpg,1
img_02848.jpg,8
img_02849.jpg,5
img_02850.jpg,8
img_02851.jpg,2
img_02852.jpg,9
img_02853.jpg,3
img_02854.jpg,5
img_02855.jpg,2
img_02856.jpg,3
img_02857.jpg,4
img_02858.jpg,3
img_02859.jpg,8
img_02860.jpg,7
img_02861.jpg,7
img_02862.jpg,5
img_02863.jpg,8
img_02864.jpg,2
img_02865.jpg,2
img_02866.jpg,3
img_02867.jpg,4
img_02868.jpg,2
img_02869.jpg,5
img_02870.jpg,2
img_02871.jpg,1
img_02872.jpg,0
img_02873.jpg,1
img_02874.jpg,7
img_02875.jpg,7
img_02876.jpg,1
img_02877.jpg,1
img_02878.jpg,5
img_02879.jpg,6
img_02880.jpg,8
img_02881.jpg,5
img_02882.jpg,0
img_02883.jpg,0
img_02884.jpg,4
img_02885.jpg,5
img_02886.jpg,5
img_02887.jpg,8
img_02888.jpg,7
img_02889.jpg,3
img_02890.jpg,4
img_02891.jpg,0
img_02892.jpg,9
img_02893.jpg,2
img_02894.jpg,0
img_02895.jpg,6
img_02896.jpg,1
img_02897.jpg,2
img_02898.jpg,6
img_02899.jpg,2
img_02900.jpg,2
img_02901.jpg,7
img_02902.jpg,4
img_02903.jpg,0
img_02904.jpg,4
img_02905.jpg,4
img_02906.jpg,3
img_02907.jpg,9
img_02908.jpg,3
img_02909.jpg,7
img_02910.jpg,4
img_02911.jpg,4
img_02912.jpg,1
img_02913.jpg,8
img_02914.jpg,2
img_02915.jpg,1
img_02916.jpg,2
img_02917.jpg,2
img_02918.jpg,3
img_02919.jpg,3
img_02920.jpg,1
img_02921.jpg,9
img_02922.jpg,9
img_02923.jpg,3
img_02924.jpg,9
img_02925.jpg,0
img_02926.jpg,7
img_02927.jpg,2
img_02928.jpg,2
img_02929.jpg,6
img_02930.jpg,6
img_02931.jpg,0
img_02932.jpg,1
img_02933.jpg,4
img_02934.jpg,8
img_02935.jpg,2
img_02936.jpg,9
img_02937.jpg,6
img_02938.jpg,2
img_02939.jpg,1
img_02940.jpg,7
img_02941.jpg,8
img_02942.jpg,4
img_02943.jpg,0
img_02944.jpg,4
img_02945.jpg,2
img_02946.jpg,2
img_02947.jpg,8
img_02948.jpg,4
img_02949.jpg,9
img_02950.jpg,3
img_02951.jpg,8
img_02952.jpg,8
img_02953.jpg,9
img_02954.jpg,9
img_02955.jpg,7
img_02956.jpg,5
img_02957.jpg,7
img_02958.jpg,2
img_02959.jpg,2
img_02960.jpg,4
img_02961.jpg,1
img_02962.jpg,4
img_02963.jpg,4
img_02964.jpg,0
img_02965.jpg,9
img_02966.jpg,8
img_02967.jpg,1
img_02968.jpg,4
img_02969.jpg,2
img_02970.jpg,8
img_02971.jpg,3
img_02972.jpg,0
img_02973.jpg,6
img_02974.jpg,4
img_02975.jpg,4
img_02976.jpg,1
img_02977.jpg,9
img_02978.jpg,0
img_02979.jpg,9
img_02980.jpg,9
img_02981.jpg,9
img_02982.jpg,0
img_02983.jpg,7
img_02984.jpg,8
img_02985.jpg,6
img_02986.jpg,0
img_02987.jpg,0
img_02988.jpg,9
img_02989.jpg,3
img_02990.jpg,1
img_02991.jpg,8
img_02992.jpg,1
img_02993.jpg,6
img_02994.jpg,5
img_02995.jpg,2
img_02996.jpg,3
img_02997.jpg,7
img_02998.jpg,2
img_02999.jpg,5
img_03000.jpg,0
img_03001.jpg,9
img_03002.jpg,0
img_03003.jpg,6
img_03004.jpg,2
img_03005.jpg,7
img_03006.jpg,0
img_03007.jpg,8
img_03008.jpg,6
img_03009.jpg,2
img_03010.jpg,4
img_03011.jpg,0
img_03012.jpg,1
img_03013.jpg,1
img_03014.jpg,4
img_03015.jpg,3
img_03016.jpg,5
img_03017.jpg,0
img_03018.jpg,3
img_03019.jpg,2
img_03020.jpg,0
img_03021.jpg,8
img_03022.jpg,4
img_03023.jpg,1
img_03024.jpg,0
img_03025.jpg,8
img_03026.jpg,7
img_03027.jpg,1
img_03028.jpg,9
img_03029.jpg,9
img_03030.jpg,6
img_03031.jpg,7
img_03032.jpg,6
img_03033.jpg,0
img_03034.jpg,0
img_03035.jpg,6
img_03036.jpg,1
img_03037.jpg,5
img_03038.jpg,5
img_03039.jpg,2
img_03040.jpg,0
img_03041.jpg,2
img_03042.jpg,2
img_03043.jpg,1
img_03044.jpg,8
img_03045.jpg,9
img_03046.jpg,0
img_03047.jpg,6
img_03048.jpg,7
img_03049.jpg,8
img_03050.jpg,7
img_03051.jpg,1
img_03052.jpg,4
img_03053.jpg,8
img_03054.jpg,7
img_03055.jpg,4
img_03056.jpg,3
img_03057.jpg,1
img_03058.jpg,4
img_03059.jpg,6
img_03060.jpg,6
img_03061.jpg,8
img_03062.jpg,3
img_03063.jpg,7
img_03064.jpg,5
img_03065.jpg,9
img_03066.jpg,0
img_03067.jpg,3
img_03068.jpg,9
img_03069.jpg,9
img_03070.jpg,1
img_03071.jpg,5
img_03072.jpg,1
img_03073.jpg,4
img_03074.jpg,5
img_03075.jpg,0
img_03076.jpg,3
img_03077.jpg,7
img_03078.jpg,3
img_03079.jpg,6
img_03080.jpg,2
img_03081.jpg,3
img_03082.jpg,3
img_03083.jpg,1
img_03084.jpg,8
img_03085.jpg,6
img_03086.jpg,8
img_03087.jpg,4
img_03088.jpg,4
img_03089.jpg,8
img_03090.jpg,5
img_03091.jpg,7
img_03092.jpg,0
img_03093.jpg,1
img_03094.jpg,4
img_03095.jpg,1
img_03096.jpg,4
img_03097.jpg,9
img_03098.jpg,4
img_03099.jpg,7
img_03100.jpg,3
img_03101.jpg,8
img_03102.jpg,5
img_03103.jpg,7
img_03104.jpg,1
img_03105.jpg,5
img_03106.jpg,5
img_03107.jpg,7
img_03108.jpg,3
img_03109.jpg,5
img_03110.jpg,6
img_03111.jpg,3
img_03112.jpg,5
img_03113.jpg,7
img_03114.jpg,2
img_03115.jpg,8
img_03116.jpg,2
img_03117.jpg,6
img_03118.jpg,7
img_03119.jpg,7
img_03120.jpg,4
img_03121.jpg,3
img_03122.jpg,8
img_03123.jpg,8
img_03124.jpg,6
img_03125.jpg,9
img_03126.jpg,0
img_03127.jpg,3
img_03128.jpg,4
img_03129.jpg,5
img_03130.jpg,6
img_03131.jpg,6
img_03132.jpg,1
img_03133.jpg,7
img_03134.jpg,2
img_03135.jpg,2
img_03136.jpg,8
img_03137.jpg,5
img_03138.jpg,3
img_03139.jpg,6
img_03140.jpg,9
img_03141.jpg,4
img_03142.jpg,0
img_03143.jpg,5
img_03144.jpg,4
img_03145.jpg,5
img_03146.jpg,3
img_03147.jpg,0
img_03148.jpg,7
img_03149.jpg,8
img_03150.jpg,6
img_03151.jpg,1
img_03152.jpg,5
img_03153.jpg,7
img_03154.jpg,3
img_03155.jpg,6
img_03156.jpg,6
img_03157.jpg,2
img_03158.jpg,7
img_03159.jpg,2
img_03160.jpg,5
img_03161.jpg,5
img_03162.jpg,9
img_03163.jpg,9
img_03164.jpg,1
img_03165.jpg,2
img_03166.jpg,8
img_03167.jpg,7
img_03168.jpg,3
img_03169.jpg,1
img_03170.jpg,6
img_03171.jpg,4
img_03172.jpg,2
img_03173.jpg,1
img_03174.jpg,6
img_03175.jpg,4
img_03176.jpg,6
img_03177.jpg,4
img_03178.jpg,9
img_03179.jpg,5
img_03180.jpg,0
img_03181.jpg,6
img_03182.jpg,2
img_03183.jpg,3
img_03184.jpg,1
img_03185.jpg,2
img_03186.jpg,2
img_03187.jpg,1
img_03188.jpg,1
img_03189.jpg,7
img_03190.jpg,7
img_03191.jpg,2
img_03192.jpg,2
img_03193.jpg,0
img_03194.jpg,3
img_03195.jpg,0
img_03196.jpg,3
img_03197.jpg,3
img_03198.jpg,2
img_03199.jpg,7
img_03200.jpg,3
img_03201.jpg,0
img_03202.jpg,1
img_03203.jpg,7
img_03204.jpg,8
img_03205.jpg,1
img_03206.jpg,9
img_03207.jpg,2
img_03208.jpg,1
img_03209.jpg,3
img_03210.jpg,8
img_03211.jpg,5
img_03212.jpg,7
img_03213.jpg,6
img_03214.jpg,1
img_03215.jpg,6
img_03216.jpg,5
img_03217.jpg,9
img_03218.jpg,0
img_03219.jpg,9
img_03220.jpg,7
img_03221.jpg,9
img_03222.jpg,1
img_03223.jpg,4
img_03224.jpg,6
img_03225.jpg,9
img_03226.jpg,7
img_03227.jpg,1
img_03228.jpg,1
img_03229.jpg,3
img_03230.jpg,2
img_03231.jpg,4
img_03232.jpg,6
img_03233.jpg,5
img_03234.jpg,9
img_03235.jpg,1
img_03236.jpg,3
img_03237.jpg,4
img_03238.jpg,2
img_03239.jpg,4
img_03240.jpg,1
img_03241.jpg,4
img_03242.jpg,7
img_03243.jpg,2
img_03244.jpg,3
img_03245.jpg,4
img_03246.jpg,1
img_03247.jpg,2
img_03248.jpg,7
img_03249.jpg,0
img_03250.jpg,4
img_03251.jpg,4
img_03252.jpg,1
img_03253.jpg,1
img_03254.jpg,6
img_03255.jpg,9
img_03256.jpg,6
img_03257.jpg,3
img_03258.jpg,4
img_03259.jpg,2
img_03260.jpg,5
img_03261.jpg,0
img_03262.jpg,6
img_03263.jpg,8
img_03264.jpg,7
img_03265.jpg,9
img_03266.jpg,1
img_03267.jpg,3
img_03268.jpg,0
img_03269.jpg,0
img_03270.jpg,9
img_03271.jpg,2
img_03272.jpg,3
img_03273.jpg,8
img_03274.jpg,3
img_03275.jpg,4
img_03276.jpg,9
img_03277.jpg,0
img_03278.jpg,2
img_03279.jpg,4
img_03280.jpg,5
img_03281.jpg,2
img_03282.jpg,1
img_03283.jpg,8
img_03284.jpg,0
img_03285.jpg,9
img_03286.jpg,2
img_03287.jpg,6
img_03288.jpg,6
img_03289.jpg,3
img_03290.jpg,4
img_03291.jpg,9
img_03292.jpg,7
img_03293.jpg,3
img_03294.jpg,9
img_03295.jpg,4
img_03296.jpg,9
img_03297.jpg,5
img_03298.jpg,1
img_03299.jpg,0
img_03300.jpg,2
img_03301.jpg,9
img_03302.jpg,2
img_03303.jpg,8
img_03304.jpg,1
img_03305.jpg,9
img_03306.jpg,2
img_03307.jpg,6
img_03308.jpg,5
img_03309.jpg,7
img_03310.jpg,7
img_03311.jpg,5
img_03312.jpg,9
img_03313.jpg,0
img_03314.jpg,5
img_03315.jpg,0
img_03316.jpg,1
img_03317.jpg,4
img_03318.jpg,9
img_03319.jpg,1
img_03320.jpg,4
img_03321.jpg,2
img_03322.jpg,8
img_03323.jpg,1
img_03324.jpg,1
img_03325.jpg,2
img_03326.jpg,7
img_03327.jpg,7
img_03328.jpg,1
img_03329.jpg,6
img_03330.jpg,9
img_03331.jpg,8
img_03332.jpg,7
img_03333.jpg,2
img_03334.jpg,5
img_03335.jpg,9
img_03336.jpg,5
img_03337.jpg,8
img_03338.jpg,5
img_03339.jpg,5
img_03340.jpg,4
img_03341.jpg,2
img_03342.jpg,0
img_03343.jpg,6
img_03344.jpg,7
img_03345.jpg,8
img_03346.jpg,3
img_03347.jpg,2
img_03348.jpg,3
img_03349.jpg,2
img_03350.jpg,7
img_03351.jpg,6
img_03352.jpg,1
img_03353.jpg,0
img_03354.jpg,3
img_03355.jpg,3
img_03356.jpg,8
img_03357.jpg,6
img_03358.jpg,3
img_03359.jpg,8
img_03360.jpg,1
img_03361.jpg,0
img_03362.jpg,0
img_03363.jpg,3
img_03364.jpg,2
img_03365.jpg,1
img_03366.jpg,0
img_03367.jpg,1
img_03368.jpg,9
img_03369.jpg,2
img_03370.jpg,1
img_03371.jpg,3
img_03372.jpg,1
img_03373.jpg,1
img_03374.jpg,2
img_03375.jpg,5
img_03376.jpg,0
img_03377.jpg,5
img_03378.jpg,5
img_03379.jpg,2
img_03380.jpg,2
img_03381.jpg,8
img_03382.jpg,6
img_03383.jpg,2
img_03384.jpg,8
img_03385.jpg,3
img_03386.jpg,8
img_03387.jpg,7
img_03388.jpg,3
img_03389.jpg,0
img_03390.jpg,9
img_03391.jpg,1
img_03392.jpg,1
img_03393.jpg,9
img_03394.jpg,6
img_03395.jpg,8
img_03396.jpg,5
img_03397.jpg,9
img_03398.jpg,7
img_03399.jpg,6
img_03400.jpg,9
img_03401.jpg,5
img_03402.jpg,0
img_03403.jpg,1
img_03404.jpg,0
img_03405.jpg,4
img_03406.jpg,7
img_03407.jpg,3
img_03408.jpg,5
img_03409.jpg,9
img_03410.jpg,4
img_03411.jpg,0
img_03412.jpg,8
img_03413.jpg,9
img_03414.jpg,4
img_03415.jpg,9
img_03416.jpg,5
img_03417.jpg,0
img_03418.jpg,9
img_03419.jpg,4
img_03420.jpg,0
img_03421.jpg,3
img_03422.jpg,2
img_03423.jpg,6
img_03424.jpg,7
img_03425.jpg,6
img_03426.jpg,2
img_03427.jpg,5
img_03428.jpg,6
img_03429.jpg,2
img_03430.jpg,3
img_03431.jpg,3
img_03432.jpg,6
img_03433.jpg,5
img_03434.jpg,1
img_03435.jpg,4
img_03436.jpg,1
img_03437.jpg,8
img_03438.jpg,3
img_03439.jpg,6
img_03440.jpg,4
img_03441.jpg,4
img_03442.jpg,4
img_03443.jpg,7
img_03444.jpg,4
img_03445.jpg,8
img_03446.jpg,9
img_03447.jpg,0
img_03448.jpg,4
img_03449.jpg,8
img_03450.jpg,9
img_03451.jpg,7
img_03452.jpg,3
img_03453.jpg,0
img_03454.jpg,9
img_03455.jpg,3
img_03456.jpg,8
img_03457.jpg,3
img_03458.jpg,8
img_03459.jpg,1
img_03460.jpg,5
img_03461.jpg,1
img_03462.jpg,0
img_03463.jpg,5
img_03464.jpg,8
img_03465.jpg,5
img_03466.jpg,7
img_03467.jpg,5
img_03468.jpg,7
img_03469.jpg,4
img_03470.jpg,1
img_03471.jpg,2
img_03472.jpg,2
img_03473.jpg,9
img_03474.jpg,2
img_03475.jpg,9
img_03476.jpg,7
img_03477.jpg,1
img_03478.jpg,8
img_03479.jpg,9
img_03480.jpg,8
img_03481.jpg,6
img_03482.jpg,9
img_03483.jpg,6
img_03484.jpg,3
img_03485.jpg,1
img_03486.jpg,0
img_03487.jpg,2
img_03488.jpg,3
img_03489.jpg,7
img_03490.jpg,8
img_03491.jpg,7
img_03492.jpg,0
img_03493.jpg,9
img_03494.jpg,2
img_03495.jpg,5
img_03496.jpg,0
img_03497.jpg,5
img_03498.jpg,2
img_03499.jpg,4
img_03500.jpg,4
img_03501.jpg,8
img_03502.jpg,2
img_03503.jpg,5
img_03504.jpg,1
img_03505.jpg,4
img_03506.jpg,8
img_03507.jpg,1
img_03508.jpg,8
img_03509.jpg,2
img_03510.jpg,5
img_03511.jpg,3
img_03512.jpg,2
img_03513.jpg,2
img_03514.jpg,1
img_03515.jpg,4
img_03516.jpg,8
img_03517.jpg,8
img_03518.jpg,1
img_03519.jpg,2
img_03520.jpg,2
img_03521.jpg,5
img_03522.jpg,2
img_03523.jpg,0
img_03524.jpg,0
img_03525.jpg,9
img_03526.jpg,3
img_03527.jpg,0
img_03528.jpg,7
img_03529.jpg,4
img_03530.jpg,1
img_03531.jpg,4
img_03532.jpg,0
img_03533.jpg,8
img_03534.jpg,2
img_03535.jpg,0
img_03536.jpg,7
img_03537.jpg,4
img_03538.jpg,4
img_03539.jpg,0
img_03540.jpg,0
img_03541.jpg,5
img_03542.jpg,4
img_03543.jpg,0
img_03544.jpg,0
img_03545.jpg,8
img_03546.jpg,5
img_03547.jpg,2
img_03548.jpg,4
img_03549.jpg,6
img_03550.jpg,1
img_03551.jpg,2
img_03552.jpg,0
img_03553.jpg,0
img_03554.jpg,5
img_03555.jpg,8
img_03556.jpg,5
img_03557.jpg,4
img_03558.jpg,7
img_03559.jpg,9
img_03560.jpg,0
img_03561.jpg,1
img_03562.jpg,1
img_03563.jpg,8
img_03564.jpg,8
img_03565.jpg,5
img_03566.jpg,2
img_03567.jpg,0
img_03568.jpg,5
img_03569.jpg,4
img_03570.jpg,8
img_03571.jpg,1
img_03572.jpg,1
img_03573.jpg,3
img_03574.jpg,0
img_03575.jpg,9
img_03576.jpg,5
img_03577.jpg,5
img_03578.jpg,9
img_03579.jpg,5
img_03580.jpg,8
img_03581.jpg,2
img_03582.jpg,2
img_03583.jpg,1
img_03584.jpg,3
img_03585.jpg,5
img_03586.jpg,6
img_03587.jpg,1
img_03588.jpg,3
img_03589.jpg,7
img_03590.jpg,5
img_03591.jpg,1
img_03592.jpg,4
img_03593.jpg,1
img_03594.jpg,5
img_03595.jpg,1
img_03596.jpg,6
img_03597.jpg,4
img_03598.jpg,5
img_03599.jpg,6
img_03600.jpg,3
img_03601.jpg,8
img_03602.jpg,4
img_03603.jpg,9
img_03604.jpg,0
img_03605.jpg,7
img_03606.jpg,1
img_03607.jpg,1
img_03608.jpg,4
img_03609.jpg,9
img_03610.jpg,6
img_03611.jpg,1
img_03612.jpg,1
img_03613.jpg,7
img_03614.jpg,0
img_03615.jpg,1
img_03616.jpg,2
img_03617.jpg,7
img_03618.jpg,4
img_03619.jpg,1
img_03620.jpg,8
img_03621.jpg,7
img_03622.jpg,4
img_03623.jpg,8
img_03624.jpg,2
img_03625.jpg,4
img_03626.jpg,9
img_03627.jpg,8
img_03628.jpg,1
img_03629.jpg,9
img_03630.jpg,5
img_03631.jpg,8
img_03632.jpg,8
img_03633.jpg,2
img_03634.jpg,0
img_03635.jpg,8
img_03636.jpg,7
img_03637.jpg,6
img_03638.jpg,0
img_03639.jpg,8
img_03640.jpg,4
img_03641.jpg,1
img_03642.jpg,2
img_03643.jpg,3
img_03644.jpg,3
img_03645.jpg,7
img_03646.jpg,5
img_03647.jpg,4
img_03648.jpg,9
img_03649.jpg,6
img_03650.jpg,9
img_03651.jpg,4
img_03652.jpg,7
img_03653.jpg,0
img_03654.jpg,4
img_03655.jpg,4
img_03656.jpg,3
img_03657.jpg,7
img_03658.jpg,6
img_03659.jpg,6
img_03660.jpg,1
img_03661.jpg,3
img_03662.jpg,0
img_03663.jpg,7
img_03664.jpg,2
img_03665.jpg,4
img_03666.jpg,4
img_03667.jpg,8
img_03668.jpg,6
img_03669.jpg,3
img_03670.jpg,0
img_03671.jpg,7
img_03672.jpg,4
img_03673.jpg,5
img_03674.jpg,2
img_03675.jpg,4
img_03676.jpg,1
img_03677.jpg,7
img_03678.jpg,6
img_03679.jpg,8
img_03680.jpg,5
img_03681.jpg,7
img_03682.jpg,0
img_03683.jpg,8
img_03684.jpg,3
img_03685.jpg,0
img_03686.jpg,9
img_03687.jpg,2
img_03688.jpg,7
img_03689.jpg,3
img_03690.jpg,7
img_03691.jpg,3
img_03692.jpg,9
img_03693.jpg,0
img_03694.jpg,1
img_03695.jpg,2
img_03696.jpg,6
img_03697.jpg,6
img_03698.jpg,4
img_03699.jpg,5
img_03700.jpg,5
img_03701.jpg,2
img_03702.jpg,0
img_03703.jpg,0
img_03704.jpg,7
img_03705.jpg,9
img_03706.jpg,9
img_03707.jpg,4
img_03708.jpg,0
img_03709.jpg,6
img_03710.jpg,4
img_03711.jpg,8
img_03712.jpg,4
img_03713.jpg,7
img_03714.jpg,4
img_03715.jpg,5
img_03716.jpg,9
img_03717.jpg,2
img_03718.jpg,1
img_03719.jpg,6
img_03720.jpg,9
img_03721.jpg,1
img_03722.jpg,7
img_03723.jpg,4
img_03724.jpg,4
img_03725.jpg,4
img_03726.jpg,5
img_03727.jpg,7
img_03728.jpg,2
img_03729.jpg,3
img_03730.jpg,2
img_03731.jpg,7
img_03732.jpg,8
img_03733.jpg,8
img_03734.jpg,0
img_03735.jpg,4
img_03736.jpg,1
img_03737.jpg,2
img_03738.jpg,6
img_03739.jpg,3
img_03740.jpg,9
img_03741.jpg,6
img_03742.jpg,4
img_03743.jpg,0
img_03744.jpg,1
img_03745.jpg,2
img_03746.jpg,4
img_03747.jpg,4
img_03748.jpg,4
img_03749.jpg,6
img_03750.jpg,3
img_03751.jpg,8
img_03752.jpg,5
img_03753.jpg,5
img_03754.jpg,1
img_03755.jpg,4
img_03756.jpg,9
img_03757.jpg,1
img_03758.jpg,4
img_03759.jpg,5
img_03760.jpg,7
img_03761.jpg,4
img_03762.jpg,7
img_03763.jpg,7
img_03764.jpg,9
img_03765.jpg,3
img_03766.jpg,1
img_03767.jpg,5
img_03768.jpg,1
img_03769.jpg,0
img_03770.jpg,9
img_03771.jpg,1
img_03772.jpg,6
img_03773.jpg,4
img_03774.jpg,7
img_03775.jpg,3
img_03776.jpg,8
img_03777.jpg,9
img_03778.jpg,3
img_03779.jpg,8
img_03780.jpg,0
img_03781.jpg,8
img_03782.jpg,3
img_03783.jpg,4
img_03784.jpg,9
img_03785.jpg,1
img_03786.jpg,7
img_03787.jpg,0
img_03788.jpg,5
img_03789.jpg,2
img_03790.jpg,3
img_03791.jpg,3
img_03792.jpg,4
img_03793.jpg,1
img_03794.jpg,2
img_03795.jpg,9
img_03796.jpg,7
img_03797.jpg,6
img_03798.jpg,4
img_03799.jpg,2
img_03800.jpg,4
img_03801.jpg,6
img_03802.jpg,5
img_03803.jpg,4
img_03804.jpg,6
img_03805.jpg,7
img_03806.jpg,2
img_03807.jpg,8
img_03808.jpg,3
img_03809.jpg,3
img_03810.jpg,1
img_03811.jpg,4
img_03812.jpg,5
img_03813.jpg,8
img_03814.jpg,0
img_03815.jpg,2
img_03816.jpg,4
img_03817.jpg,0
img_03818.jpg,1
img_03819.jpg,4
img_03820.jpg,0
img_03821.jpg,3
img_03822.jpg,0
img_03823.jpg,1
img_03824.jpg,4
img_03825.jpg,3
img_03826.jpg,7
img_03827.jpg,4
img_03828.jpg,2
img_03829.jpg,7
img_03830.jpg,3
img_03831.jpg,8
img_03832.jpg,4
img_03833.jpg,7
img_03834.jpg,4
img_03835.jpg,2
img_03836.jpg,8
img_03837.jpg,3
img_03838.jpg,1
img_03839.jpg,0
img_03840.jpg,3
img_03841.jpg,7
img_03842.jpg,6
img_03843.jpg,1
img_03844.jpg,4
img_03845.jpg,6
img_03846.jpg,8
img_03847.jpg,6
img_03848.jpg,7
img_03849.jpg,0
img_03850.jpg,6
img_03851.jpg,9
img_03852.jpg,8
img_03853.jpg,3
img_03854.jpg,1
img_03855.jpg,9
img_03856.jpg,3
img_03857.jpg,3
img_03858.jpg,9
img_03859.jpg,5
img_03860.jpg,5
img_03861.jpg,5
img_03862.jpg,9
img_03863.jpg,3
img_03864.jpg,6
img_03865.jpg,2
img_03866.jpg,1
img_03867.jpg,1
img_03868.jpg,8
img_03869.jpg,3
img_03870.jpg,5
img_03871.jpg,9
img_03872.jpg,4
img_03873.jpg,9
img_03874.jpg,0
img_03875.jpg,7
img_03876.jpg,5
img_03877.jpg,9
img_03878.jpg,1
img_03879.jpg,8
img_03880.jpg,9
img_03881.jpg,7
img_03882.jpg,7
img_03883.jpg,3
img_03884.jpg,8
img_03885.jpg,5
img_03886.jpg,2
img_03887.jpg,4
img_03888.jpg,3
img_03889.jpg,1
img_03890.jpg,0
img_03891.jpg,4
img_03892.jpg,8
img_03893.jpg,5
img_03894.jpg,8
img_03895.jpg,9
img_03896.jpg,5
img_03897.jpg,5
img_03898.jpg,1
img_03899.jpg,7
img_03900.jpg,2
img_03901.jpg,4
img_03902.jpg,5
img_03903.jpg,9
img_03904.jpg,2
img_03905.jpg,7
img_03906.jpg,9
img_03907.jpg,1
img_03908.jpg,8
img_03909.jpg,0
img_03910.jpg,3
img_03911.jpg,0
img_03912.jpg,0
img_03913.jpg,0
img_03914.jpg,5
img_03915.jpg,3
img_03916.jpg,2
img_03917.jpg,3
img_03918.jpg,8
img_03919.jpg,6
img_03920.jpg,9
img_03921.jpg,8
img_03922.jpg,6
img_03923.jpg,2
img_03924.jpg,2
img_03925.jpg,8
img_03926.jpg,7
img_03927.jpg,4
img_03928.jpg,2
img_03929.jpg,7
img_03930.jpg,3
img_03931.jpg,5
img_03932.jpg,7
img_03933.jpg,8
img_03934.jpg,7
img_03935.jpg,3
img_03936.jpg,7
img_03937.jpg,4
img_03938.jpg,3
img_03939.jpg,0
img_03940.jpg,9
img_03941.jpg,3
img_03942.jpg,1
img_03943.jpg,1
img_03944.jpg,0
img_03945.jpg,2
img_03946.jpg,8
img_03947.jpg,3
img_03948.jpg,0
img_03949.jpg,8
img_03950.jpg,0
img_03951.jpg,9
img_03952.jpg,8
img_03953.jpg,6
img_03954.jpg,4
img_03955.jpg,7
img_03956.jpg,1
img_03957.jpg,9
img_03958.jpg,3
img_03959.jpg,0
img_03960.jpg,0
img_03961.jpg,2
img_03962.jpg,0
img_03963.jpg,5
img_03964.jpg,2
img_03965.jpg,8
img_03966.jpg,5
img_03967.jpg,2
img_03968.jpg,1
img_03969.jpg,5
img_03970.jpg,2
img_03971.jpg,8
img_03972.jpg,5
img_03973.jpg,6
img_03974.jpg,1
img_03975.jpg,7
img_03976.jpg,7
img_03977.jpg,7
img_03978.jpg,2
img_03979.jpg,8
img_03980.jpg,2
img_03981.jpg,1
img_03982.jpg,8
img_03983.jpg,9
img_03984.jpg,2
img_03985.jpg,7
img_03986.jpg,5
img_03987.jpg,6
img_03988.jpg,8
img_03989.jpg,9
img_03990.jpg,9
img_03991.jpg,0
img_03992.jpg,3
img_03993.jpg,2
img_03994.jpg,2
img_03995.jpg,0
img_03996.jpg,9
img_03997.jpg,4
img_03998.jpg,0
img_03999.jpg,0
